"","year","id","re","treat","age","education","black","hispanic","married","nodegree","u74","u75","uniqueid"
"1",1978,1,9930.05,1,37,11,1,0,1,1,1,1,"1-1978"
"2",1978,2,3595.89,1,22,9,0,1,0,1,1,1,"2-1978"
"3",1978,3,24909.5,1,30,12,1,0,0,0,1,1,"3-1978"
"4",1978,4,7506.15,1,27,11,1,0,0,1,1,1,"4-1978"
"5",1978,5,289.79,1,33,8,1,0,0,1,1,1,"5-1978"
"6",1978,6,4056.49,1,22,9,1,0,0,1,1,1,"6-1978"
"7",1978,7,0,1,23,12,1,0,0,0,1,1,"7-1978"
"8",1978,8,8472.16,1,32,11,1,0,0,1,1,1,"8-1978"
"9",1978,9,2164.02,1,22,16,1,0,0,0,1,1,"9-1978"
"10",1978,10,12418.1,1,33,12,0,0,1,0,1,1,"10-1978"
"11",1978,11,8173.91,1,19,9,1,0,0,1,1,1,"11-1978"
"12",1978,12,17094.6,1,21,13,1,0,0,0,1,1,"12-1978"
"13",1978,13,0,1,18,8,1,0,0,1,1,1,"13-1978"
"14",1978,14,18739.9,1,27,10,1,0,1,1,1,1,"14-1978"
"15",1978,15,3023.88,1,17,7,1,0,0,1,1,1,"15-1978"
"16",1978,16,3228.5,1,19,10,1,0,0,1,1,1,"16-1978"
"17",1978,17,14581.9,1,27,13,1,0,0,0,1,1,"17-1978"
"18",1978,18,7693.4,1,23,10,1,0,0,1,1,1,"18-1978"
"19",1978,19,10804.3,1,40,12,1,0,0,0,1,1,"19-1978"
"20",1978,20,10747.4,1,26,12,1,0,0,0,1,1,"20-1978"
"21",1978,21,0,1,23,11,1,0,0,1,1,1,"21-1978"
"22",1978,22,5149.5,1,41,14,0,0,0,0,1,1,"22-1978"
"23",1978,23,6408.95,1,38,9,0,0,0,1,1,1,"23-1978"
"24",1978,24,1991.4,1,24,11,1,0,0,1,1,1,"24-1978"
"25",1978,25,11163.2,1,18,10,1,0,0,1,1,1,"25-1978"
"26",1978,26,9643,1,29,11,1,0,1,1,1,1,"26-1978"
"27",1978,27,9897.05,1,25,11,1,0,0,1,1,1,"27-1978"
"28",1978,28,11142.9,1,27,10,0,1,0,1,1,1,"28-1978"
"29",1978,29,16218,1,17,10,1,0,0,1,1,1,"29-1978"
"30",1978,30,995.7,1,24,11,1,0,0,1,1,1,"30-1978"
"31",1978,31,0,1,17,10,1,0,0,1,1,1,"31-1978"
"32",1978,32,6551.59,1,48,4,1,0,0,1,1,1,"32-1978"
"33",1978,33,1574.42,1,25,11,1,0,1,1,1,1,"33-1978"
"34",1978,34,0,1,20,12,1,0,0,0,1,1,"34-1978"
"35",1978,35,3191.75,1,25,12,1,0,0,0,1,1,"35-1978"
"36",1978,36,20505.9,1,42,14,1,0,0,0,1,1,"36-1978"
"37",1978,37,6181.88,1,25,5,1,0,0,1,1,1,"37-1978"
"38",1978,38,5911.55,1,23,12,1,0,1,0,1,1,"38-1978"
"39",1978,39,3094.16,1,46,8,1,0,1,1,1,1,"39-1978"
"40",1978,40,0,1,24,10,1,0,0,1,1,1,"40-1978"
"41",1978,41,1254.58,1,21,12,1,0,0,0,1,1,"41-1978"
"42",1978,42,13188.8,1,19,9,0,0,0,1,1,1,"42-1978"
"43",1978,43,8061.49,1,17,8,1,0,0,1,1,1,"43-1978"
"44",1978,44,2787.96,1,18,8,0,1,1,1,1,1,"44-1978"
"45",1978,45,3972.54,1,20,11,1,0,0,1,1,1,"45-1978"
"46",1978,46,0,1,25,11,1,0,1,1,1,1,"46-1978"
"47",1978,47,0,1,17,8,1,0,0,1,1,1,"47-1978"
"48",1978,48,0,1,17,9,1,0,0,1,1,1,"48-1978"
"49",1978,49,12187.4,1,25,5,1,0,0,1,1,1,"49-1978"
"50",1978,50,4843.18,1,23,12,1,0,0,0,1,1,"50-1978"
"51",1978,51,0,1,28,8,1,0,0,1,1,1,"51-1978"
"52",1978,52,8087.49,1,31,11,1,0,1,1,1,1,"52-1978"
"53",1978,53,0,1,18,11,1,0,0,1,1,1,"53-1978"
"54",1978,54,2348.97,1,25,12,1,0,0,0,1,1,"54-1978"
"55",1978,55,590.782,1,30,11,1,0,1,1,1,1,"55-1978"
"56",1978,56,0,1,17,10,1,0,0,1,1,1,"56-1978"
"57",1978,57,1067.51,1,37,9,1,0,0,1,1,1,"57-1978"
"58",1978,58,7284.99,1,41,4,1,0,1,1,1,1,"58-1978"
"59",1978,59,13167.5,1,42,14,1,0,1,0,1,1,"59-1978"
"60",1978,60,1048.43,1,22,11,0,0,0,1,1,1,"60-1978"
"61",1978,61,0,1,17,8,1,0,0,1,1,1,"61-1978"
"62",1978,62,1923.94,1,29,8,1,0,0,1,1,1,"62-1978"
"63",1978,63,4666.24,1,35,10,1,0,0,1,1,1,"63-1978"
"64",1978,64,549.298,1,27,11,1,0,0,1,1,1,"64-1978"
"65",1978,65,762.915,1,29,4,1,0,0,1,1,1,"65-1978"
"66",1978,66,10694.3,1,28,9,1,0,0,1,1,1,"66-1978"
"67",1978,67,0,1,27,11,1,0,0,1,1,1,"67-1978"
"68",1978,68,0,1,23,7,0,0,0,1,1,1,"68-1978"
"69",1978,69,8546.72,1,45,5,1,0,1,1,1,1,"69-1978"
"70",1978,70,7479.66,1,29,13,1,0,0,0,1,1,"70-1978"
"71",1978,71,0,1,27,9,1,0,0,1,1,1,"71-1978"
"72",1978,72,647.205,1,46,13,1,0,0,0,1,1,"72-1978"
"73",1978,73,0,1,18,6,1,0,0,1,1,1,"73-1978"
"74",1978,74,11965.8,1,25,12,1,0,0,0,1,1,"74-1978"
"75",1978,75,9598.54,1,28,15,1,0,0,0,1,1,"75-1978"
"76",1978,76,18783.4,1,25,11,0,0,0,1,1,1,"76-1978"
"77",1978,77,18678.1,1,22,12,1,0,0,0,1,1,"77-1978"
"78",1978,78,0,1,21,9,1,0,0,1,1,1,"78-1978"
"79",1978,79,23005.6,1,40,11,1,0,0,1,1,1,"79-1978"
"80",1978,80,6456.7,1,22,11,1,0,0,1,1,1,"80-1978"
"81",1978,81,0,1,25,12,1,0,0,0,1,1,"81-1978"
"82",1978,82,2321.11,1,18,12,1,0,0,0,1,1,"82-1978"
"83",1978,83,4941.85,1,38,12,0,0,0,0,1,1,"83-1978"
"84",1978,84,0,1,27,13,1,0,0,0,1,1,"84-1978"
"85",1978,85,0,1,27,8,1,0,0,1,1,1,"85-1978"
"86",1978,86,0,1,38,11,1,0,0,1,1,1,"86-1978"
"87",1978,87,3881.28,1,23,8,0,1,0,1,1,1,"87-1978"
"88",1978,88,17231,1,26,11,1,0,0,1,1,1,"88-1978"
"89",1978,89,8048.6,1,21,12,0,0,0,0,1,1,"89-1978"
"90",1978,90,0,1,25,8,1,0,0,1,1,1,"90-1978"
"91",1978,91,14509.9,1,31,11,1,0,1,1,1,1,"91-1978"
"92",1978,92,0,1,17,10,1,0,0,1,1,1,"92-1978"
"93",1978,93,0,1,25,11,1,0,0,1,1,1,"93-1978"
"94",1978,94,9983.78,1,21,12,1,0,0,0,1,1,"94-1978"
"95",1978,95,0,1,44,11,1,0,0,1,1,1,"95-1978"
"96",1978,96,5587.5,1,25,12,0,0,0,0,1,1,"96-1978"
"97",1978,97,4482.85,1,18,9,1,0,0,1,1,1,"97-1978"
"98",1978,98,2456.15,1,42,12,1,0,0,0,1,1,"98-1978"
"99",1978,99,0,1,25,10,1,0,0,1,1,1,"99-1978"
"100",1978,100,26817.6,1,31,9,0,1,0,1,1,1,"100-1978"
"101",1978,101,0,1,24,10,1,0,0,1,1,1,"101-1978"
"102",1978,102,9265.79,1,26,10,1,0,0,1,1,1,"102-1978"
"103",1978,103,485.23,1,25,11,1,0,0,1,1,1,"103-1978"
"104",1978,104,4814.63,1,18,11,1,0,0,1,1,1,"104-1978"
"105",1978,105,7458.11,1,19,11,1,0,0,1,1,1,"105-1978"
"106",1978,106,0,1,43,9,1,0,0,1,1,1,"106-1978"
"107",1978,107,34099.3,1,27,13,1,0,0,0,1,1,"107-1978"
"108",1978,108,1953.27,1,17,9,1,0,0,1,1,1,"108-1978"
"109",1978,109,0,1,30,11,1,0,0,1,1,1,"109-1978"
"110",1978,110,0,1,26,10,1,0,1,1,0,1,"110-1978"
"111",1978,111,8881.67,1,20,9,1,0,0,1,0,1,"111-1978"
"112",1978,112,6210.67,1,17,9,0,1,0,1,0,0,"112-1978"
"113",1978,113,0,1,20,12,1,0,0,0,0,0,"113-1978"
"114",1978,114,929.884,1,18,11,1,0,0,1,0,0,"114-1978"
"115",1978,115,0,1,27,12,1,0,1,0,0,0,"115-1978"
"116",1978,116,12558,1,21,12,0,0,0,0,0,0,"116-1978"
"117",1978,117,22163.3,1,27,12,1,0,0,0,0,0,"117-1978"
"118",1978,118,1652.64,1,20,12,1,0,0,0,1,0,"118-1978"
"119",1978,119,8124.72,1,19,10,1,0,0,1,1,0,"119-1978"
"120",1978,120,671.332,1,23,12,1,0,0,0,0,0,"120-1978"
"121",1978,121,17815,1,29,14,1,0,0,0,1,0,"121-1978"
"122",1978,122,9737.15,1,18,10,1,0,0,1,1,0,"122-1978"
"123",1978,123,17685.2,1,19,9,1,0,0,1,1,0,"123-1978"
"124",1978,124,0,1,27,13,0,0,1,0,0,0,"124-1978"
"125",1978,125,4321.71,1,18,11,0,0,0,1,0,0,"125-1978"
"126",1978,126,1773.42,1,27,9,1,0,1,1,1,0,"126-1978"
"127",1978,127,0,1,22,12,1,0,0,0,0,0,"127-1978"
"128",1978,128,11233.3,1,23,10,1,0,1,1,1,0,"128-1978"
"129",1978,129,559.443,1,23,12,0,1,0,0,0,0,"129-1978"
"130",1978,130,1085.44,1,20,11,1,0,0,1,0,0,"130-1978"
"131",1978,131,5445.2,1,17,9,1,0,0,1,0,0,"131-1978"
"132",1978,132,60307.9,1,28,11,1,0,0,1,1,0,"132-1978"
"133",1978,133,1460.36,1,26,11,1,0,1,1,1,0,"133-1978"
"134",1978,134,6943.34,1,20,11,1,0,0,1,0,0,"134-1978"
"135",1978,135,4032.71,1,24,11,1,0,1,1,0,0,"135-1978"
"136",1978,136,10363.3,1,31,9,1,0,0,1,1,0,"136-1978"
"137",1978,137,4232.31,1,23,8,0,0,1,1,1,0,"137-1978"
"138",1978,138,11141.4,1,18,10,1,0,0,1,0,0,"138-1978"
"139",1978,139,0,1,29,12,1,0,0,0,0,0,"139-1978"
"140",1978,140,13385.9,1,26,11,0,0,0,1,1,0,"140-1978"
"141",1978,141,4849.56,1,24,9,1,0,0,1,0,0,"141-1978"
"142",1978,142,0,1,25,12,1,0,0,0,0,0,"142-1978"
"143",1978,143,1660.51,1,24,10,1,0,0,1,0,0,"143-1978"
"144",1978,144,0,1,46,8,1,0,0,1,0,0,"144-1978"
"145",1978,145,2484.55,1,31,12,0,0,0,0,1,0,"145-1978"
"146",1978,146,4146.6,1,19,11,1,0,0,1,0,0,"146-1978"
"147",1978,147,9970.68,1,19,8,1,0,0,1,1,0,"147-1978"
"148",1978,148,0,1,27,11,1,0,0,1,0,0,"148-1978"
"149",1978,149,26372.3,1,26,11,1,0,1,1,1,0,"149-1978"
"150",1978,150,5615.19,1,20,10,1,0,0,1,0,0,"150-1978"
"151",1978,151,3196.57,1,28,10,1,0,0,1,1,0,"151-1978"
"152",1978,152,6167.68,1,24,12,1,0,0,0,0,0,"152-1978"
"153",1978,153,7535.94,1,19,8,1,0,0,1,0,0,"153-1978"
"154",1978,154,8484.24,1,23,12,1,0,0,0,0,0,"154-1978"
"155",1978,155,1294.41,1,42,9,1,0,1,1,1,0,"155-1978"
"156",1978,156,0,1,25,13,1,0,0,0,0,0,"156-1978"
"157",1978,157,5010.34,1,18,9,1,0,0,1,1,0,"157-1978"
"158",1978,158,9371.04,1,21,12,1,0,0,0,0,0,"158-1978"
"159",1978,159,0,1,27,10,1,0,0,1,0,0,"159-1978"
"160",1978,160,4279.61,1,21,8,1,0,0,1,0,0,"160-1978"
"161",1978,161,3462.56,1,22,9,1,0,0,1,0,0,"161-1978"
"162",1978,162,7382.55,1,31,4,1,0,0,1,0,0,"162-1978"
"163",1978,163,0,1,24,10,1,0,1,1,0,0,"163-1978"
"164",1978,164,0,1,29,10,1,0,0,1,1,0,"164-1978"
"165",1978,165,10976.5,1,29,12,1,0,0,0,0,0,"165-1978"
"166",1978,166,13829.6,1,19,10,0,0,0,1,1,0,"166-1978"
"167",1978,167,6788.46,1,19,11,0,1,1,1,0,0,"167-1978"
"168",1978,168,9558.5,1,31,9,1,0,0,1,0,0,"168-1978"
"169",1978,169,13228.3,1,22,10,1,0,1,1,0,0,"169-1978"
"170",1978,170,743.667,1,21,9,1,0,0,1,0,0,"170-1978"
"171",1978,171,5522.79,1,17,10,1,0,0,1,0,0,"171-1978"
"172",1978,172,1424.94,1,26,12,1,0,1,0,0,0,"172-1978"
"173",1978,173,1358.64,1,20,9,0,1,0,1,0,0,"173-1978"
"174",1978,174,0,1,19,10,1,0,0,1,0,0,"174-1978"
"175",1978,175,672.877,1,26,10,1,0,0,1,0,0,"175-1978"
"176",1978,176,0,1,28,11,1,0,0,1,0,0,"176-1978"
"177",1978,177,10092.8,1,22,12,0,1,1,0,0,0,"177-1978"
"178",1978,178,6281.43,1,33,11,1,0,0,1,1,0,"178-1978"
"179",1978,179,12590.7,1,22,12,0,0,0,0,0,0,"179-1978"
"180",1978,180,5112.01,1,29,10,0,1,0,1,1,0,"180-1978"
"181",1978,181,15952.6,1,33,12,1,0,1,0,0,0,"181-1978"
"182",1978,182,36647,1,25,14,1,0,1,0,0,0,"182-1978"
"183",1978,183,12804,1,35,9,1,0,1,1,0,0,"183-1978"
"184",1978,184,3786.63,1,35,8,1,0,1,1,0,0,"184-1978"
"185",1978,185,4181.94,1,33,11,1,0,1,1,0,0,"185-1978"
"186",1978,186,0,0,23,10,1,0,0,1,1,1,"186-1978"
"187",1978,187,12383.7,0,26,12,0,0,0,0,1,1,"187-1978"
"188",1978,188,0,0,22,9,1,0,0,1,1,1,"188-1978"
"189",1978,189,10740.1,0,18,9,1,0,0,1,1,1,"189-1978"
"190",1978,190,11796.5,0,45,11,1,0,0,1,1,1,"190-1978"
"191",1978,191,9227.05,0,18,9,1,0,0,1,1,1,"191-1978"
"192",1978,192,10569.3,0,24,8,0,0,0,1,1,1,"192-1978"
"193",1978,193,6040.34,0,34,11,1,0,1,1,1,1,"193-1978"
"194",1978,194,3880.83,0,24,4,0,1,0,1,1,1,"194-1978"
"195",1978,195,0,0,36,10,1,0,0,1,1,1,"195-1978"
"196",1978,196,5775.06,0,21,14,1,0,0,0,1,1,"196-1978"
"197",1978,197,0,0,28,9,1,0,0,1,1,1,"197-1978"
"198",1978,198,0,0,27,7,1,0,1,1,1,1,"198-1978"
"199",1978,199,0,0,19,11,0,0,0,1,1,1,"199-1978"
"200",1978,200,0,0,20,8,1,0,0,1,1,1,"200-1978"
"201",1978,201,2113.72,0,34,12,1,0,0,0,1,1,"201-1978"
"202",1978,202,7618.64,0,24,10,1,0,0,1,1,1,"202-1978"
"203",1978,203,9920.95,0,22,8,0,1,0,1,1,1,"203-1978"
"204",1978,204,4196.38,0,25,11,1,0,0,1,1,1,"204-1978"
"205",1978,205,0,0,39,9,1,0,0,1,1,1,"205-1978"
"206",1978,206,16658.3,0,19,9,1,0,1,1,1,1,"206-1978"
"207",1978,207,9722,0,44,9,1,0,0,1,1,1,"207-1978"
"208",1978,208,3783.66,0,27,8,1,0,0,1,1,1,"208-1978"
"209",1978,209,3515.93,0,25,8,1,0,0,1,1,1,"209-1978"
"210",1978,210,17014.6,0,31,10,1,0,0,1,1,1,"210-1978"
"211",1978,211,0,0,34,10,1,0,1,1,1,1,"211-1978"
"212",1978,212,0,0,21,7,0,1,0,1,1,1,"212-1978"
"213",1978,213,5970.26,0,33,12,1,0,0,0,1,1,"213-1978"
"214",1978,214,1859.17,0,18,10,0,1,0,1,1,1,"214-1978"
"215",1978,215,6191.94,0,26,12,1,0,1,0,1,1,"215-1978"
"216",1978,216,7284.39,0,31,12,1,0,0,0,1,1,"216-1978"
"217",1978,217,445.831,0,35,10,1,0,0,1,1,1,"217-1978"
"218",1978,218,0,0,20,12,1,0,0,0,1,1,"218-1978"
"219",1978,219,0,0,25,11,1,0,0,1,1,1,"219-1978"
"220",1978,220,7367.04,0,25,10,1,0,0,1,1,1,"220-1978"
"221",1978,221,0,0,35,11,1,0,0,1,1,1,"221-1978"
"222",1978,222,2015.5,0,20,10,1,0,0,1,1,1,"222-1978"
"223",1978,223,15791.1,0,25,9,0,1,0,1,1,1,"223-1978"
"224",1978,224,1135.47,0,27,10,1,0,0,1,1,1,"224-1978"
"225",1978,225,6378.72,0,20,11,0,1,0,1,1,1,"225-1978"
"226",1978,226,7176.19,0,26,11,1,0,0,1,1,1,"226-1978"
"227",1978,227,0,0,38,8,1,0,0,1,1,1,"227-1978"
"228",1978,228,7952.54,0,34,10,1,0,0,1,1,1,"228-1978"
"229",1978,229,0,0,19,12,1,0,0,0,1,1,"229-1978"
"230",1978,230,7152.13,0,32,8,1,0,0,1,1,1,"230-1978"
"231",1978,231,8329.82,0,20,9,0,1,0,1,1,1,"231-1978"
"232",1978,232,0,0,23,10,1,0,0,1,1,1,"232-1978"
"233",1978,233,12429.9,0,38,10,1,0,0,1,1,1,"233-1978"
"234",1978,234,0,0,24,11,1,0,0,1,1,1,"234-1978"
"235",1978,235,5088.76,0,23,11,1,0,0,1,1,1,"235-1978"
"236",1978,236,4374.04,0,20,7,0,1,0,1,1,1,"236-1978"
"237",1978,237,1553.29,0,21,11,1,0,0,1,1,1,"237-1978"
"238",1978,238,0,0,25,10,1,0,0,1,1,1,"238-1978"
"239",1978,239,1698.3,0,22,11,1,0,1,1,1,1,"239-1978"
"240",1978,240,0,0,23,11,1,0,0,1,1,1,"240-1978"
"241",1978,241,11294.6,0,24,12,0,0,0,0,1,1,"241-1978"
"242",1978,242,0,0,29,11,1,0,0,1,1,1,"242-1978"
"243",1978,243,14626.4,0,24,11,1,0,0,1,1,1,"243-1978"
"244",1978,244,12898.4,0,22,9,1,0,0,1,1,1,"244-1978"
"245",1978,245,5767.13,0,28,11,1,0,0,1,1,1,"245-1978"
"246",1978,246,6527.92,0,18,10,0,1,0,1,1,1,"246-1978"
"247",1978,247,3931.24,0,26,10,1,0,0,1,1,1,"247-1978"
"248",1978,248,20942.2,0,25,10,1,0,0,1,1,1,"248-1978"
"249",1978,249,0,0,24,10,1,0,0,1,1,1,"249-1978"
"250",1978,250,0,0,26,5,1,0,0,1,1,1,"250-1978"
"251",1978,251,14690.4,0,36,10,1,0,0,1,1,1,"251-1978"
"252",1978,252,0,0,22,11,1,0,0,1,1,1,"252-1978"
"253",1978,253,3418.1,0,25,12,1,0,0,0,1,1,"253-1978"
"254",1978,254,11197.3,0,27,11,1,0,0,1,1,1,"254-1978"
"255",1978,255,0,0,29,8,1,0,0,1,1,1,"255-1978"
"256",1978,256,0,0,24,12,1,0,0,0,1,1,"256-1978"
"257",1978,257,0,0,22,10,1,0,0,1,1,1,"257-1978"
"258",1978,258,1455.69,0,24,7,1,0,0,1,1,1,"258-1978"
"259",1978,259,1890.94,0,29,12,1,0,0,0,1,1,"259-1978"
"260",1978,260,4485.62,0,25,11,0,1,1,1,1,1,"260-1978"
"261",1978,261,13613.4,0,30,12,1,0,0,0,1,1,"261-1978"
"262",1978,262,1390.51,0,22,8,1,0,0,1,1,1,"262-1978"
"263",1978,263,5843.8,0,55,3,1,0,0,1,1,1,"263-1978"
"264",1978,264,8598.52,0,20,10,1,0,0,1,1,1,"264-1978"
"265",1978,265,2920.2,0,34,11,1,0,0,1,1,1,"265-1978"
"266",1978,266,0,0,22,12,1,0,0,0,1,1,"266-1978"
"267",1978,267,6735.32,0,32,12,0,1,1,0,1,1,"267-1978"
"268",1978,268,0,0,31,10,1,0,0,1,1,1,"268-1978"
"269",1978,269,0,0,18,9,1,0,0,1,1,1,"269-1978"
"270",1978,270,0,0,50,10,0,1,0,1,1,1,"270-1978"
"271",1978,271,44.7555,0,25,11,1,0,1,1,1,1,"271-1978"
"272",1978,272,0,0,23,10,1,0,1,1,1,1,"272-1978"
"273",1978,273,0,0,38,10,1,0,0,1,1,1,"273-1978"
"274",1978,274,3701.81,0,25,10,1,0,1,1,1,1,"274-1978"
"275",1978,275,6930.34,0,42,10,1,0,0,1,1,1,"275-1978"
"276",1978,276,3795.8,0,39,12,1,0,1,0,1,1,"276-1978"
"277",1978,277,5193.25,0,34,13,1,0,1,0,1,1,"277-1978"
"278",1978,278,2193.53,0,24,7,1,0,0,1,1,1,"278-1978"
"279",1978,279,11120.5,0,32,11,1,0,0,1,1,1,"279-1978"
"280",1978,280,7609.52,0,27,13,1,0,0,0,1,1,"280-1978"
"281",1978,281,2169.03,0,26,10,1,0,0,1,1,1,"281-1978"
"282",1978,282,0,0,44,11,1,0,0,1,1,1,"282-1978"
"283",1978,283,1264.23,0,25,11,1,0,0,1,1,1,"283-1978"
"284",1978,284,0,0,25,12,1,0,0,0,1,1,"284-1978"
"285",1978,285,0,0,28,12,1,0,1,0,1,1,"285-1978"
"286",1978,286,0,0,32,10,1,0,0,1,1,1,"286-1978"
"287",1978,287,0,0,22,10,1,0,0,1,1,1,"287-1978"
"288",1978,288,5712.64,0,19,9,1,0,0,1,1,1,"288-1978"
"289",1978,289,0,0,31,10,1,0,1,1,1,1,"289-1978"
"290",1978,290,0,0,23,11,1,0,0,1,1,1,"290-1978"
"291",1978,291,0,0,33,11,1,0,0,1,1,1,"291-1978"
"292",1978,292,1184.88,0,27,10,1,0,0,1,1,1,"292-1978"
"293",1978,293,10225.9,0,29,11,1,0,1,1,1,1,"293-1978"
"294",1978,294,0,0,23,10,1,0,0,1,1,1,"294-1978"
"295",1978,295,4715.37,0,25,9,1,0,1,1,1,1,"295-1978"
"296",1978,296,289.79,0,25,10,1,0,0,1,1,1,"296-1978"
"297",1978,297,0,0,24,10,1,0,0,1,1,1,"297-1978"
"298",1978,298,8190.42,0,28,8,0,0,0,1,1,1,"298-1978"
"299",1978,299,4813.05,0,26,6,1,0,0,1,1,1,"299-1978"
"300",1978,300,7344.68,0,30,14,1,0,1,0,1,1,"300-1978"
"301",1978,301,0,0,25,10,1,0,1,1,1,1,"301-1978"
"302",1978,302,0,0,29,11,1,0,1,1,1,1,"302-1978"
"303",1978,303,0,0,25,12,1,0,1,0,1,1,"303-1978"
"304",1978,304,0,0,28,13,1,0,0,0,1,1,"304-1978"
"305",1978,305,4350.91,0,23,11,1,0,0,1,1,1,"305-1978"
"306",1978,306,7812.52,0,54,11,1,0,0,1,1,1,"306-1978"
"307",1978,307,0,0,33,5,0,1,0,1,1,1,"307-1978"
"308",1978,308,3644.66,0,20,8,1,0,0,1,1,1,"308-1978"
"309",1978,309,4844.8,0,45,9,1,0,0,1,1,1,"309-1978"
"310",1978,310,0,0,39,6,1,0,0,1,1,1,"310-1978"
"311",1978,311,0,0,26,12,1,0,0,0,1,1,"311-1978"
"312",1978,312,0,0,23,10,1,0,0,1,1,1,"312-1978"
"313",1978,313,14792.9,0,27,12,0,0,0,0,1,1,"313-1978"
"314",1978,314,0,0,33,9,0,1,1,1,1,1,"314-1978"
"315",1978,315,0,0,25,10,1,0,1,1,1,1,"315-1978"
"316",1978,316,3746.7,0,23,8,1,0,0,1,1,1,"316-1978"
"317",1978,317,1568.15,0,18,8,1,0,0,1,1,1,"317-1978"
"318",1978,318,7010.44,0,17,8,1,0,0,1,1,1,"318-1978"
"319",1978,319,3811.68,0,19,9,0,1,0,1,1,1,"319-1978"
"320",1978,320,10798.6,0,18,8,0,1,0,1,1,1,"320-1978"
"321",1978,321,4657.27,0,18,11,1,0,0,1,1,1,"321-1978"
"322",1978,322,8551.53,0,17,11,1,0,0,1,1,1,"322-1978"
"323",1978,323,4309.88,0,19,10,1,0,0,1,1,1,"323-1978"
"324",1978,324,5286.4,0,19,10,1,0,0,1,1,1,"324-1978"
"325",1978,325,12486.2,0,18,9,1,0,0,1,1,1,"325-1978"
"326",1978,326,10877.4,0,18,9,1,0,0,1,1,1,"326-1978"
"327",1978,327,202.285,0,18,10,1,0,0,1,1,1,"327-1978"
"328",1978,328,2657.71,0,17,10,1,0,0,1,1,1,"328-1978"
"329",1978,329,4132.58,0,18,7,1,0,0,1,1,1,"329-1978"
"330",1978,330,11303.1,0,18,11,1,0,0,1,1,1,"330-1978"
"331",1978,331,0,0,19,10,0,1,0,1,1,1,"331-1978"
"332",1978,332,0,0,18,9,1,0,0,1,1,1,"332-1978"
"333",1978,333,0,0,17,10,1,0,0,1,1,1,"333-1978"
"334",1978,334,2189.43,0,17,10,1,0,0,1,1,1,"334-1978"
"335",1978,335,0,0,19,11,1,0,0,1,1,1,"335-1978"
"336",1978,336,10211,0,17,8,0,0,0,1,1,1,"336-1978"
"337",1978,337,11048.1,0,18,10,1,0,0,1,1,1,"337-1978"
"338",1978,338,0,0,18,9,1,0,0,1,1,1,"338-1978"
"339",1978,339,8993.87,0,17,8,1,0,0,1,1,1,"339-1978"
"340",1978,340,5071.8,0,19,6,0,1,0,1,1,1,"340-1978"
"341",1978,341,3194.01,0,19,10,0,0,0,1,1,1,"341-1978"
"342",1978,342,0,0,17,11,0,0,0,1,1,1,"342-1978"
"343",1978,343,5193.09,0,20,9,1,0,0,1,1,1,"343-1978"
"344",1978,344,0,0,17,9,1,0,0,1,1,1,"344-1978"
"345",1978,345,275.566,0,17,10,1,0,0,1,1,1,"345-1978"
"346",1978,346,3590.7,0,17,9,1,0,0,1,1,1,"346-1978"
"347",1978,347,0,0,19,11,1,0,0,1,1,1,"347-1978"
"348",1978,348,12797.7,0,19,10,1,0,1,1,1,1,"348-1978"
"349",1978,349,2035.91,0,20,9,1,0,0,1,1,1,"349-1978"
"350",1978,350,2389.68,0,18,9,1,0,0,1,1,1,"350-1978"
"351",1978,351,0,0,18,11,1,0,0,1,1,1,"351-1978"
"352",1978,352,8469.28,0,17,10,0,1,0,1,1,1,"352-1978"
"353",1978,353,0,0,19,11,1,0,0,1,1,1,"353-1978"
"354",1978,354,1143.39,0,17,10,1,0,0,1,1,1,"354-1978"
"355",1978,355,5114.81,0,17,9,0,1,0,1,1,1,"355-1978"
"356",1978,356,781.224,0,18,10,1,0,0,1,1,1,"356-1978"
"357",1978,357,3343.22,0,21,9,1,0,0,1,0,1,"357-1978"
"358",1978,358,9602.44,0,18,10,1,0,0,1,0,1,"358-1978"
"359",1978,359,0,0,19,11,1,0,0,1,0,1,"359-1978"
"360",1978,360,16461.6,0,24,9,1,0,0,1,0,1,"360-1978"
"361",1978,361,6771.62,0,28,11,0,1,1,1,0,1,"361-1978"
"362",1978,362,0,0,25,11,1,0,0,1,0,1,"362-1978"
"363",1978,363,11011.6,0,21,7,1,0,0,1,0,1,"363-1978"
"364",1978,364,0,0,39,11,1,0,0,1,1,0,"364-1978"
"365",1978,365,0,0,36,12,1,0,0,0,1,0,"365-1978"
"366",1978,366,0,0,24,12,1,0,0,0,1,0,"366-1978"
"367",1978,367,4251.13,0,17,11,1,0,0,1,0,0,"367-1978"
"368",1978,368,2891.67,0,18,10,1,0,0,1,0,0,"368-1978"
"369",1978,369,5514.37,0,18,10,1,0,0,1,1,0,"369-1978"
"370",1978,370,4858.9,0,28,10,1,0,0,1,0,0,"370-1978"
"371",1978,371,4812.58,0,27,13,0,0,0,0,0,0,"371-1978"
"372",1978,372,0,0,31,12,0,0,0,0,1,0,"372-1978"
"373",1978,373,604.199,0,22,9,1,0,0,1,1,0,"373-1978"
"374",1978,374,14527.9,0,31,10,1,0,0,1,1,0,"374-1978"
"375",1978,375,0,0,26,10,1,0,1,1,0,0,"375-1978"
"376",1978,376,7300.5,0,18,9,0,0,0,1,1,0,"376-1978"
"377",1978,377,0,0,23,11,1,0,0,1,0,0,"377-1978"
"378",1978,378,4159.92,0,20,12,1,0,0,0,1,0,"378-1978"
"379",1978,379,0,0,19,10,1,0,0,1,1,0,"379-1978"
"380",1978,380,5497.59,0,18,11,1,0,0,1,0,0,"380-1978"
"381",1978,381,0,0,17,10,1,0,0,1,1,0,"381-1978"
"382",1978,382,0,0,27,12,1,0,1,0,1,0,"382-1978"
"383",1978,383,0,0,27,11,1,0,0,1,0,0,"383-1978"
"384",1978,384,16477,0,28,12,0,0,0,0,1,0,"384-1978"
"385",1978,385,0,0,28,11,1,0,0,1,0,0,"385-1978"
"386",1978,386,39483.5,0,21,10,1,0,0,1,0,0,"386-1978"
"387",1978,387,11306.3,0,17,10,0,1,0,1,0,0,"387-1978"
"388",1978,388,6672.02,0,26,11,1,0,0,1,0,0,"388-1978"
"389",1978,389,9378.65,0,29,9,1,0,0,1,1,0,"389-1978"
"390",1978,390,5088.99,0,17,10,0,1,0,1,0,0,"390-1978"
"391",1978,391,2639.29,0,22,11,1,0,0,1,0,0,"391-1978"
"392",1978,392,9495.9,0,24,11,1,0,0,1,1,0,"392-1978"
"393",1978,393,20893.1,0,20,12,1,0,0,0,0,0,"393-1978"
"394",1978,394,0,0,18,12,1,0,0,0,1,0,"394-1978"
"395",1978,395,10361.7,0,24,11,0,0,0,1,0,0,"395-1978"
"396",1978,396,1740.2,0,21,9,0,0,0,1,0,0,"396-1978"
"397",1978,397,0,0,30,8,1,0,0,1,1,0,"397-1978"
"398",1978,398,0,0,31,11,1,0,0,1,0,0,"398-1978"
"399",1978,399,6354.19,0,17,10,0,1,0,1,0,0,"399-1978"
"400",1978,400,7171,0,19,9,1,0,0,1,0,0,"400-1978"
"401",1978,401,5573.55,0,23,11,1,0,0,1,1,0,"401-1978"
"402",1978,402,439.688,0,22,12,1,0,0,0,0,0,"402-1978"
"403",1978,403,16970,0,29,12,1,0,0,0,0,0,"403-1978"
"404",1978,404,5344.02,0,22,10,1,0,0,1,1,0,"404-1978"
"405",1978,405,2725.32,0,29,13,1,0,0,0,0,0,"405-1978"
"406",1978,406,9772.28,0,19,11,1,0,0,1,0,0,"406-1978"
"407",1978,407,0,0,17,9,1,0,0,1,1,0,"407-1978"
"408",1978,408,0,0,18,10,1,0,0,1,0,0,"408-1978"
"409",1978,409,1720.91,0,19,12,1,0,0,0,0,0,"409-1978"
"410",1978,410,0,0,20,6,1,0,0,1,0,0,"410-1978"
"411",1978,411,18859.9,0,33,11,1,0,0,1,0,0,"411-1978"
"412",1978,412,1324.54,0,36,11,0,1,0,1,0,0,"412-1978"
"413",1978,413,284.658,0,25,11,1,0,0,1,0,0,"413-1978"
"414",1978,414,11195.9,0,19,11,1,0,0,1,0,0,"414-1978"
"415",1978,415,0,0,23,8,1,0,0,1,0,0,"415-1978"
"416",1978,416,0,0,17,11,1,0,0,1,0,0,"416-1978"
"417",1978,417,7565.27,0,43,10,1,0,0,1,0,0,"417-1978"
"418",1978,418,0,0,26,11,1,0,1,1,1,0,"418-1978"
"419",1978,419,0,0,27,11,1,0,1,1,1,0,"419-1978"
"420",1978,420,0,0,19,11,1,0,0,1,0,0,"420-1978"
"421",1978,421,4974.59,0,28,11,1,0,1,1,0,0,"421-1978"
"422",1978,422,12780,0,28,12,1,0,1,0,0,0,"422-1978"
"423",1978,423,3523.58,0,26,8,1,0,0,1,0,0,"423-1978"
"424",1978,424,0,0,31,12,1,0,0,0,1,0,"424-1978"
"425",1978,425,10274.8,0,23,11,1,0,0,1,0,0,"425-1978"
"426",1978,426,4779.72,0,20,12,1,0,0,0,0,0,"426-1978"
"427",1978,427,16988.2,0,28,10,1,0,1,1,0,0,"427-1978"
"428",1978,428,499.257,0,39,12,1,0,1,0,0,0,"428-1978"
"429",1978,429,3083.58,0,21,8,1,0,0,1,0,0,"429-1978"
"430",1978,430,3708.72,0,22,11,1,0,0,1,0,0,"430-1978"
"431",1978,431,7659.22,0,20,11,1,0,0,1,0,0,"431-1978"
"432",1978,432,20857.8,0,21,11,0,1,0,1,0,0,"432-1978"
"433",1978,433,7078.18,0,23,12,0,1,0,0,0,0,"433-1978"
"434",1978,434,0,0,29,9,1,0,0,1,0,0,"434-1978"
"435",1978,435,1239.84,0,28,9,1,0,1,1,0,0,"435-1978"
"436",1978,436,3982.8,0,30,11,1,0,1,1,1,0,"436-1978"
"437",1978,437,0,0,25,10,1,0,1,1,0,0,"437-1978"
"438",1978,438,0,0,28,11,1,0,1,1,0,0,"438-1978"
"439",1978,439,7094.92,0,22,10,0,0,0,1,0,0,"439-1978"
"440",1978,440,12359.3,0,44,9,1,0,1,1,0,0,"440-1978"
"441",1978,441,0,0,21,9,1,0,0,1,0,0,"441-1978"
"442",1978,442,0,0,28,11,1,0,0,1,0,0,"442-1978"
"443",1978,443,16900.3,0,29,9,0,1,0,1,0,0,"443-1978"
"444",1978,444,7343.96,0,25,9,1,0,1,1,0,0,"444-1978"
"445",1978,445,5448.8,0,22,10,0,0,1,1,0,0,"445-1978"
"1100",1975,1,0,1,37,11,1,0,1,1,1,1,"1-1975"
"2100",1975,2,0,1,22,9,0,1,0,1,1,1,"2-1975"
"3100",1975,3,0,1,30,12,1,0,0,0,1,1,"3-1975"
"446",1975,4,0,1,27,11,1,0,0,1,1,1,"4-1975"
"510",1975,5,0,1,33,8,1,0,0,1,1,1,"5-1975"
"610",1975,6,0,1,22,9,1,0,0,1,1,1,"6-1975"
"710",1975,7,0,1,23,12,1,0,0,0,1,1,"7-1975"
"810",1975,8,0,1,32,11,1,0,0,1,1,1,"8-1975"
"910",1975,9,0,1,22,16,1,0,0,0,1,1,"9-1975"
"1010",1975,10,0,1,33,12,0,0,1,0,1,1,"10-1975"
"1110",1975,11,0,1,19,9,1,0,0,1,1,1,"11-1975"
"1210",1975,12,0,1,21,13,1,0,0,0,1,1,"12-1975"
"1310",1975,13,0,1,18,8,1,0,0,1,1,1,"13-1975"
"1410",1975,14,0,1,27,10,1,0,1,1,1,1,"14-1975"
"1510",1975,15,0,1,17,7,1,0,0,1,1,1,"15-1975"
"1610",1975,16,0,1,19,10,1,0,0,1,1,1,"16-1975"
"1710",1975,17,0,1,27,13,1,0,0,0,1,1,"17-1975"
"1810",1975,18,0,1,23,10,1,0,0,1,1,1,"18-1975"
"1910",1975,19,0,1,40,12,1,0,0,0,1,1,"19-1975"
"2010",1975,20,0,1,26,12,1,0,0,0,1,1,"20-1975"
"2110",1975,21,0,1,23,11,1,0,0,1,1,1,"21-1975"
"2210",1975,22,0,1,41,14,0,0,0,0,1,1,"22-1975"
"2310",1975,23,0,1,38,9,0,0,0,1,1,1,"23-1975"
"2410",1975,24,0,1,24,11,1,0,0,1,1,1,"24-1975"
"2510",1975,25,0,1,18,10,1,0,0,1,1,1,"25-1975"
"2610",1975,26,0,1,29,11,1,0,1,1,1,1,"26-1975"
"2710",1975,27,0,1,25,11,1,0,0,1,1,1,"27-1975"
"2810",1975,28,0,1,27,10,0,1,0,1,1,1,"28-1975"
"2910",1975,29,0,1,17,10,1,0,0,1,1,1,"29-1975"
"3010",1975,30,0,1,24,11,1,0,0,1,1,1,"30-1975"
"3110",1975,31,0,1,17,10,1,0,0,1,1,1,"31-1975"
"3210",1975,32,0,1,48,4,1,0,0,1,1,1,"32-1975"
"3310",1975,33,0,1,25,11,1,0,1,1,1,1,"33-1975"
"3410",1975,34,0,1,20,12,1,0,0,0,1,1,"34-1975"
"3510",1975,35,0,1,25,12,1,0,0,0,1,1,"35-1975"
"3610",1975,36,0,1,42,14,1,0,0,0,1,1,"36-1975"
"3710",1975,37,0,1,25,5,1,0,0,1,1,1,"37-1975"
"3810",1975,38,0,1,23,12,1,0,1,0,1,1,"38-1975"
"3910",1975,39,0,1,46,8,1,0,1,1,1,1,"39-1975"
"4010",1975,40,0,1,24,10,1,0,0,1,1,1,"40-1975"
"4110",1975,41,0,1,21,12,1,0,0,0,1,1,"41-1975"
"4210",1975,42,0,1,19,9,0,0,0,1,1,1,"42-1975"
"4310",1975,43,0,1,17,8,1,0,0,1,1,1,"43-1975"
"447",1975,44,0,1,18,8,0,1,1,1,1,1,"44-1975"
"451",1975,45,0,1,20,11,1,0,0,1,1,1,"45-1975"
"461",1975,46,0,1,25,11,1,0,1,1,1,1,"46-1975"
"471",1975,47,0,1,17,8,1,0,0,1,1,1,"47-1975"
"481",1975,48,0,1,17,9,1,0,0,1,1,1,"48-1975"
"491",1975,49,0,1,25,5,1,0,0,1,1,1,"49-1975"
"501",1975,50,0,1,23,12,1,0,0,0,1,1,"50-1975"
"511",1975,51,0,1,28,8,1,0,0,1,1,1,"51-1975"
"521",1975,52,0,1,31,11,1,0,1,1,1,1,"52-1975"
"531",1975,53,0,1,18,11,1,0,0,1,1,1,"53-1975"
"541",1975,54,0,1,25,12,1,0,0,0,1,1,"54-1975"
"551",1975,55,0,1,30,11,1,0,1,1,1,1,"55-1975"
"561",1975,56,0,1,17,10,1,0,0,1,1,1,"56-1975"
"571",1975,57,0,1,37,9,1,0,0,1,1,1,"57-1975"
"581",1975,58,0,1,41,4,1,0,1,1,1,1,"58-1975"
"591",1975,59,0,1,42,14,1,0,1,0,1,1,"59-1975"
"601",1975,60,0,1,22,11,0,0,0,1,1,1,"60-1975"
"611",1975,61,0,1,17,8,1,0,0,1,1,1,"61-1975"
"621",1975,62,0,1,29,8,1,0,0,1,1,1,"62-1975"
"631",1975,63,0,1,35,10,1,0,0,1,1,1,"63-1975"
"641",1975,64,0,1,27,11,1,0,0,1,1,1,"64-1975"
"651",1975,65,0,1,29,4,1,0,0,1,1,1,"65-1975"
"661",1975,66,0,1,28,9,1,0,0,1,1,1,"66-1975"
"671",1975,67,0,1,27,11,1,0,0,1,1,1,"67-1975"
"681",1975,68,0,1,23,7,0,0,0,1,1,1,"68-1975"
"691",1975,69,0,1,45,5,1,0,1,1,1,1,"69-1975"
"701",1975,70,0,1,29,13,1,0,0,0,1,1,"70-1975"
"711",1975,71,0,1,27,9,1,0,0,1,1,1,"71-1975"
"721",1975,72,0,1,46,13,1,0,0,0,1,1,"72-1975"
"731",1975,73,0,1,18,6,1,0,0,1,1,1,"73-1975"
"741",1975,74,0,1,25,12,1,0,0,0,1,1,"74-1975"
"751",1975,75,0,1,28,15,1,0,0,0,1,1,"75-1975"
"761",1975,76,0,1,25,11,0,0,0,1,1,1,"76-1975"
"771",1975,77,0,1,22,12,1,0,0,0,1,1,"77-1975"
"781",1975,78,0,1,21,9,1,0,0,1,1,1,"78-1975"
"791",1975,79,0,1,40,11,1,0,0,1,1,1,"79-1975"
"801",1975,80,0,1,22,11,1,0,0,1,1,1,"80-1975"
"811",1975,81,0,1,25,12,1,0,0,0,1,1,"81-1975"
"821",1975,82,0,1,18,12,1,0,0,0,1,1,"82-1975"
"831",1975,83,0,1,38,12,0,0,0,0,1,1,"83-1975"
"841",1975,84,0,1,27,13,1,0,0,0,1,1,"84-1975"
"851",1975,85,0,1,27,8,1,0,0,1,1,1,"85-1975"
"861",1975,86,0,1,38,11,1,0,0,1,1,1,"86-1975"
"871",1975,87,0,1,23,8,0,1,0,1,1,1,"87-1975"
"881",1975,88,0,1,26,11,1,0,0,1,1,1,"88-1975"
"891",1975,89,0,1,21,12,0,0,0,0,1,1,"89-1975"
"901",1975,90,0,1,25,8,1,0,0,1,1,1,"90-1975"
"911",1975,91,0,1,31,11,1,0,1,1,1,1,"91-1975"
"921",1975,92,0,1,17,10,1,0,0,1,1,1,"92-1975"
"931",1975,93,0,1,25,11,1,0,0,1,1,1,"93-1975"
"941",1975,94,0,1,21,12,1,0,0,0,1,1,"94-1975"
"951",1975,95,0,1,44,11,1,0,0,1,1,1,"95-1975"
"961",1975,96,0,1,25,12,0,0,0,0,1,1,"96-1975"
"971",1975,97,0,1,18,9,1,0,0,1,1,1,"97-1975"
"981",1975,98,0,1,42,12,1,0,0,0,1,1,"98-1975"
"991",1975,99,0,1,25,10,1,0,0,1,1,1,"99-1975"
"1001",1975,100,0,1,31,9,0,1,0,1,1,1,"100-1975"
"1011",1975,101,0,1,24,10,1,0,0,1,1,1,"101-1975"
"1021",1975,102,0,1,26,10,1,0,0,1,1,1,"102-1975"
"1031",1975,103,0,1,25,11,1,0,0,1,1,1,"103-1975"
"1041",1975,104,0,1,18,11,1,0,0,1,1,1,"104-1975"
"1051",1975,105,0,1,19,11,1,0,0,1,1,1,"105-1975"
"1061",1975,106,0,1,43,9,1,0,0,1,1,1,"106-1975"
"1071",1975,107,0,1,27,13,1,0,0,0,1,1,"107-1975"
"1081",1975,108,0,1,17,9,1,0,0,1,1,1,"108-1975"
"1091",1975,109,0,1,30,11,1,0,0,1,1,1,"109-1975"
"1101",1975,110,0,1,26,10,1,0,1,1,0,1,"110-1975"
"1111",1975,111,0,1,20,9,1,0,0,1,0,1,"111-1975"
"1121",1975,112,74.3435,1,17,9,0,1,0,1,0,0,"112-1975"
"1131",1975,113,165.208,1,20,12,1,0,0,0,0,0,"113-1975"
"1141",1975,114,214.564,1,18,11,1,0,0,1,0,0,"114-1975"
"1151",1975,115,334.049,1,27,12,1,0,1,0,0,0,"115-1975"
"1161",1975,116,334.049,1,21,12,0,0,0,0,0,0,"116-1975"
"1171",1975,117,357.95,1,27,12,1,0,0,0,0,0,"117-1975"
"1181",1975,118,377.569,1,20,12,1,0,0,0,1,0,"118-1975"
"1191",1975,119,385.274,1,19,10,1,0,0,1,1,0,"119-1975"
"1201",1975,120,501.074,1,23,12,1,0,0,0,0,0,"120-1975"
"1211",1975,121,679.673,1,29,14,1,0,0,0,1,0,"121-1975"
"1221",1975,122,798.908,1,18,10,1,0,0,1,1,0,"122-1975"
"1231",1975,123,798.908,1,19,9,1,0,0,1,1,0,"123-1975"
"1241",1975,124,853.723,1,27,13,0,0,1,0,0,0,"124-1975"
"1251",1975,125,919.558,1,18,11,0,0,0,1,0,0,"125-1975"
"1261",1975,126,934.445,1,27,9,1,0,1,1,1,0,"126-1975"
"1271",1975,127,936.177,1,22,12,1,0,0,0,0,0,"127-1975"
"1281",1975,128,936.439,1,23,10,1,0,1,1,1,0,"128-1975"
"1291",1975,129,1117.44,1,23,12,0,1,0,0,0,0,"129-1975"
"1301",1975,130,1220.84,1,20,11,1,0,0,1,0,0,"130-1975"
"1311",1975,131,1253.44,1,17,9,1,0,0,1,0,0,"131-1975"
"1321",1975,132,1284.08,1,28,11,1,0,0,1,1,0,"132-1975"
"1331",1975,133,1392.85,1,26,11,1,0,1,1,1,0,"133-1975"
"1341",1975,134,1484.99,1,20,11,1,0,0,1,0,0,"134-1975"
"1351",1975,135,1666.11,1,24,11,1,0,1,1,0,0,"135-1975"
"1361",1975,136,1698.61,1,31,9,1,0,0,1,1,0,"136-1975"
"1371",1975,137,1713.15,1,23,8,0,0,1,1,1,0,"137-1975"
"1381",1975,138,1784.27,1,18,10,1,0,0,1,0,0,"138-1975"
"1391",1975,139,1817.28,1,29,12,1,0,0,0,0,0,"139-1975"
"1401",1975,140,2226.27,1,26,11,0,0,0,1,1,0,"140-1975"
"1411",1975,141,2288.68,1,24,9,1,0,0,1,0,0,"141-1975"
"1421",1975,142,2409.27,1,25,12,1,0,0,0,0,0,"142-1975"
"1431",1975,143,2421.95,1,24,10,1,0,0,1,0,0,"143-1975"
"1441",1975,144,2594.72,1,46,8,1,0,0,1,0,0,"144-1975"
"1451",1975,145,2611.22,1,31,12,0,0,0,0,1,0,"145-1975"
"1461",1975,146,2615.28,1,19,11,1,0,0,1,0,0,"146-1975"
"1471",1975,147,2657.06,1,19,8,1,0,0,1,1,0,"147-1975"
"1481",1975,148,2666.27,1,27,11,1,0,0,1,0,0,"148-1975"
"1491",1975,149,2754.65,1,26,11,1,0,1,1,1,0,"149-1975"
"1501",1975,150,2777.36,1,20,10,1,0,0,1,0,0,"150-1975"
"1511",1975,151,2836.51,1,28,10,1,0,0,1,1,0,"151-1975"
"1521",1975,152,2842.76,1,24,12,1,0,0,0,0,0,"152-1975"
"1531",1975,153,2937.26,1,19,8,1,0,0,1,0,0,"153-1975"
"1541",1975,154,3039.96,1,23,12,1,0,0,0,0,0,"154-1975"
"1551",1975,155,3058.53,1,42,9,1,0,1,1,1,0,"155-1975"
"1561",1975,156,3090.73,1,25,13,1,0,0,0,0,0,"156-1975"
"1571",1975,157,3287.38,1,18,9,1,0,0,1,1,0,"157-1975"
"1581",1975,158,3332.41,1,21,12,1,0,0,0,0,0,"158-1975"
"1591",1975,159,3550.08,1,27,10,1,0,0,1,0,0,"159-1975"
"1601",1975,160,3695.9,1,21,8,1,0,0,1,0,0,"160-1975"
"1611",1975,161,3836.99,1,22,9,1,0,0,1,0,0,"161-1975"
"1621",1975,162,4023.21,1,31,4,1,0,0,1,0,0,"162-1975"
"1631",1975,163,4078.15,1,24,10,1,0,1,1,0,0,"163-1975"
"1641",1975,164,4398.95,1,29,10,1,0,0,1,1,0,"164-1975"
"1651",1975,165,4878.94,1,29,12,1,0,0,0,0,0,"165-1975"
"1661",1975,166,5324.11,1,19,10,0,0,0,1,1,0,"166-1975"
"1671",1975,167,5463.8,1,19,11,0,1,1,1,0,0,"167-1975"
"1681",1975,168,5517.84,1,31,9,1,0,0,1,0,0,"168-1975"
"1691",1975,169,5588.66,1,22,10,1,0,1,1,0,0,"169-1975"
"1701",1975,170,5749.33,1,21,9,1,0,0,1,0,0,"170-1975"
"1711",1975,171,5793.85,1,17,10,1,0,0,1,0,0,"171-1975"
"1721",1975,172,5794.83,1,26,12,1,0,1,0,0,0,"172-1975"
"1731",1975,173,5875.05,1,20,9,0,1,0,1,0,0,"173-1975"
"1741",1975,174,6056.75,1,19,10,1,0,0,1,0,0,"174-1975"
"1751",1975,175,6788.96,1,26,10,1,0,0,1,0,0,"175-1975"
"1761",1975,176,6871.86,1,28,11,1,0,0,1,0,0,"176-1975"
"1771",1975,177,7055.7,1,22,12,0,1,1,0,0,0,"177-1975"
"1781",1975,178,7867.92,1,33,11,1,0,0,1,1,0,"178-1975"
"1791",1975,179,8455.5,1,22,12,0,0,0,0,0,0,"179-1975"
"1801",1975,180,8853.67,1,29,10,0,1,0,1,1,0,"180-1975"
"1811",1975,181,10941.4,1,33,12,1,0,1,0,0,0,"181-1975"
"1821",1975,182,11536.6,1,25,14,1,0,1,0,0,0,"182-1975"
"1831",1975,183,13830.6,1,35,9,1,0,1,1,0,0,"183-1975"
"1841",1975,184,17976.2,1,35,8,1,0,1,1,0,0,"184-1975"
"1851",1975,185,25142.2,1,33,11,1,0,1,1,0,0,"185-1975"
"1861",1975,186,0,0,23,10,1,0,0,1,1,1,"186-1975"
"1871",1975,187,0,0,26,12,0,0,0,0,1,1,"187-1975"
"1881",1975,188,0,0,22,9,1,0,0,1,1,1,"188-1975"
"1891",1975,189,0,0,18,9,1,0,0,1,1,1,"189-1975"
"1901",1975,190,0,0,45,11,1,0,0,1,1,1,"190-1975"
"1911",1975,191,0,0,18,9,1,0,0,1,1,1,"191-1975"
"1921",1975,192,0,0,24,8,0,0,0,1,1,1,"192-1975"
"1931",1975,193,0,0,34,11,1,0,1,1,1,1,"193-1975"
"1941",1975,194,0,0,24,4,0,1,0,1,1,1,"194-1975"
"1951",1975,195,0,0,36,10,1,0,0,1,1,1,"195-1975"
"1961",1975,196,0,0,21,14,1,0,0,0,1,1,"196-1975"
"1971",1975,197,0,0,28,9,1,0,0,1,1,1,"197-1975"
"1981",1975,198,0,0,27,7,1,0,1,1,1,1,"198-1975"
"1991",1975,199,0,0,19,11,0,0,0,1,1,1,"199-1975"
"2001",1975,200,0,0,20,8,1,0,0,1,1,1,"200-1975"
"2011",1975,201,0,0,34,12,1,0,0,0,1,1,"201-1975"
"2021",1975,202,0,0,24,10,1,0,0,1,1,1,"202-1975"
"2031",1975,203,0,0,22,8,0,1,0,1,1,1,"203-1975"
"2041",1975,204,0,0,25,11,1,0,0,1,1,1,"204-1975"
"2051",1975,205,0,0,39,9,1,0,0,1,1,1,"205-1975"
"2061",1975,206,0,0,19,9,1,0,1,1,1,1,"206-1975"
"2071",1975,207,0,0,44,9,1,0,0,1,1,1,"207-1975"
"2081",1975,208,0,0,27,8,1,0,0,1,1,1,"208-1975"
"2091",1975,209,0,0,25,8,1,0,0,1,1,1,"209-1975"
"2101",1975,210,0,0,31,10,1,0,0,1,1,1,"210-1975"
"2111",1975,211,0,0,34,10,1,0,1,1,1,1,"211-1975"
"2121",1975,212,0,0,21,7,0,1,0,1,1,1,"212-1975"
"2131",1975,213,0,0,33,12,1,0,0,0,1,1,"213-1975"
"2141",1975,214,0,0,18,10,0,1,0,1,1,1,"214-1975"
"2151",1975,215,0,0,26,12,1,0,1,0,1,1,"215-1975"
"2161",1975,216,0,0,31,12,1,0,0,0,1,1,"216-1975"
"2171",1975,217,0,0,35,10,1,0,0,1,1,1,"217-1975"
"2181",1975,218,0,0,20,12,1,0,0,0,1,1,"218-1975"
"2191",1975,219,0,0,25,11,1,0,0,1,1,1,"219-1975"
"2201",1975,220,0,0,25,10,1,0,0,1,1,1,"220-1975"
"2211",1975,221,0,0,35,11,1,0,0,1,1,1,"221-1975"
"2221",1975,222,0,0,20,10,1,0,0,1,1,1,"222-1975"
"2231",1975,223,0,0,25,9,0,1,0,1,1,1,"223-1975"
"2241",1975,224,0,0,27,10,1,0,0,1,1,1,"224-1975"
"2251",1975,225,0,0,20,11,0,1,0,1,1,1,"225-1975"
"2261",1975,226,0,0,26,11,1,0,0,1,1,1,"226-1975"
"2271",1975,227,0,0,38,8,1,0,0,1,1,1,"227-1975"
"2281",1975,228,0,0,34,10,1,0,0,1,1,1,"228-1975"
"2291",1975,229,0,0,19,12,1,0,0,0,1,1,"229-1975"
"2301",1975,230,0,0,32,8,1,0,0,1,1,1,"230-1975"
"2311",1975,231,0,0,20,9,0,1,0,1,1,1,"231-1975"
"2321",1975,232,0,0,23,10,1,0,0,1,1,1,"232-1975"
"2331",1975,233,0,0,38,10,1,0,0,1,1,1,"233-1975"
"2341",1975,234,0,0,24,11,1,0,0,1,1,1,"234-1975"
"2351",1975,235,0,0,23,11,1,0,0,1,1,1,"235-1975"
"2361",1975,236,0,0,20,7,0,1,0,1,1,1,"236-1975"
"2371",1975,237,0,0,21,11,1,0,0,1,1,1,"237-1975"
"2381",1975,238,0,0,25,10,1,0,0,1,1,1,"238-1975"
"2391",1975,239,0,0,22,11,1,0,1,1,1,1,"239-1975"
"2401",1975,240,0,0,23,11,1,0,0,1,1,1,"240-1975"
"2411",1975,241,0,0,24,12,0,0,0,0,1,1,"241-1975"
"2421",1975,242,0,0,29,11,1,0,0,1,1,1,"242-1975"
"2431",1975,243,0,0,24,11,1,0,0,1,1,1,"243-1975"
"2441",1975,244,0,0,22,9,1,0,0,1,1,1,"244-1975"
"2451",1975,245,0,0,28,11,1,0,0,1,1,1,"245-1975"
"2461",1975,246,0,0,18,10,0,1,0,1,1,1,"246-1975"
"2471",1975,247,0,0,26,10,1,0,0,1,1,1,"247-1975"
"2481",1975,248,0,0,25,10,1,0,0,1,1,1,"248-1975"
"2491",1975,249,0,0,24,10,1,0,0,1,1,1,"249-1975"
"2501",1975,250,0,0,26,5,1,0,0,1,1,1,"250-1975"
"2511",1975,251,0,0,36,10,1,0,0,1,1,1,"251-1975"
"2521",1975,252,0,0,22,11,1,0,0,1,1,1,"252-1975"
"2531",1975,253,0,0,25,12,1,0,0,0,1,1,"253-1975"
"2541",1975,254,0,0,27,11,1,0,0,1,1,1,"254-1975"
"2551",1975,255,0,0,29,8,1,0,0,1,1,1,"255-1975"
"2561",1975,256,0,0,24,12,1,0,0,0,1,1,"256-1975"
"2571",1975,257,0,0,22,10,1,0,0,1,1,1,"257-1975"
"2581",1975,258,0,0,24,7,1,0,0,1,1,1,"258-1975"
"2591",1975,259,0,0,29,12,1,0,0,0,1,1,"259-1975"
"2601",1975,260,0,0,25,11,0,1,1,1,1,1,"260-1975"
"2611",1975,261,0,0,30,12,1,0,0,0,1,1,"261-1975"
"2621",1975,262,0,0,22,8,1,0,0,1,1,1,"262-1975"
"2631",1975,263,0,0,55,3,1,0,0,1,1,1,"263-1975"
"2641",1975,264,0,0,20,10,1,0,0,1,1,1,"264-1975"
"2651",1975,265,0,0,34,11,1,0,0,1,1,1,"265-1975"
"2661",1975,266,0,0,22,12,1,0,0,0,1,1,"266-1975"
"2671",1975,267,0,0,32,12,0,1,1,0,1,1,"267-1975"
"2681",1975,268,0,0,31,10,1,0,0,1,1,1,"268-1975"
"2691",1975,269,0,0,18,9,1,0,0,1,1,1,"269-1975"
"2701",1975,270,0,0,50,10,0,1,0,1,1,1,"270-1975"
"2711",1975,271,0,0,25,11,1,0,1,1,1,1,"271-1975"
"2721",1975,272,0,0,23,10,1,0,1,1,1,1,"272-1975"
"2731",1975,273,0,0,38,10,1,0,0,1,1,1,"273-1975"
"2741",1975,274,0,0,25,10,1,0,1,1,1,1,"274-1975"
"2751",1975,275,0,0,42,10,1,0,0,1,1,1,"275-1975"
"2761",1975,276,0,0,39,12,1,0,1,0,1,1,"276-1975"
"2771",1975,277,0,0,34,13,1,0,1,0,1,1,"277-1975"
"2781",1975,278,0,0,24,7,1,0,0,1,1,1,"278-1975"
"2791",1975,279,0,0,32,11,1,0,0,1,1,1,"279-1975"
"2801",1975,280,0,0,27,13,1,0,0,0,1,1,"280-1975"
"2811",1975,281,0,0,26,10,1,0,0,1,1,1,"281-1975"
"2821",1975,282,0,0,44,11,1,0,0,1,1,1,"282-1975"
"2831",1975,283,0,0,25,11,1,0,0,1,1,1,"283-1975"
"2841",1975,284,0,0,25,12,1,0,0,0,1,1,"284-1975"
"2851",1975,285,0,0,28,12,1,0,1,0,1,1,"285-1975"
"2861",1975,286,0,0,32,10,1,0,0,1,1,1,"286-1975"
"2871",1975,287,0,0,22,10,1,0,0,1,1,1,"287-1975"
"2881",1975,288,0,0,19,9,1,0,0,1,1,1,"288-1975"
"2891",1975,289,0,0,31,10,1,0,1,1,1,1,"289-1975"
"2901",1975,290,0,0,23,11,1,0,0,1,1,1,"290-1975"
"2911",1975,291,0,0,33,11,1,0,0,1,1,1,"291-1975"
"2921",1975,292,0,0,27,10,1,0,0,1,1,1,"292-1975"
"2931",1975,293,0,0,29,11,1,0,1,1,1,1,"293-1975"
"2941",1975,294,0,0,23,10,1,0,0,1,1,1,"294-1975"
"2951",1975,295,0,0,25,9,1,0,1,1,1,1,"295-1975"
"2961",1975,296,0,0,25,10,1,0,0,1,1,1,"296-1975"
"2971",1975,297,0,0,24,10,1,0,0,1,1,1,"297-1975"
"2981",1975,298,0,0,28,8,0,0,0,1,1,1,"298-1975"
"2991",1975,299,0,0,26,6,1,0,0,1,1,1,"299-1975"
"3001",1975,300,0,0,30,14,1,0,1,0,1,1,"300-1975"
"3011",1975,301,0,0,25,10,1,0,1,1,1,1,"301-1975"
"3021",1975,302,0,0,29,11,1,0,1,1,1,1,"302-1975"
"3031",1975,303,0,0,25,12,1,0,1,0,1,1,"303-1975"
"3041",1975,304,0,0,28,13,1,0,0,0,1,1,"304-1975"
"3051",1975,305,0,0,23,11,1,0,0,1,1,1,"305-1975"
"3061",1975,306,0,0,54,11,1,0,0,1,1,1,"306-1975"
"3071",1975,307,0,0,33,5,0,1,0,1,1,1,"307-1975"
"3081",1975,308,0,0,20,8,1,0,0,1,1,1,"308-1975"
"3091",1975,309,0,0,45,9,1,0,0,1,1,1,"309-1975"
"3101",1975,310,0,0,39,6,1,0,0,1,1,1,"310-1975"
"3111",1975,311,0,0,26,12,1,0,0,0,1,1,"311-1975"
"3121",1975,312,0,0,23,10,1,0,0,1,1,1,"312-1975"
"3131",1975,313,0,0,27,12,0,0,0,0,1,1,"313-1975"
"3141",1975,314,0,0,33,9,0,1,1,1,1,1,"314-1975"
"3151",1975,315,0,0,25,10,1,0,1,1,1,1,"315-1975"
"3161",1975,316,0,0,23,8,1,0,0,1,1,1,"316-1975"
"3171",1975,317,0,0,18,8,1,0,0,1,1,1,"317-1975"
"3181",1975,318,0,0,17,8,1,0,0,1,1,1,"318-1975"
"3191",1975,319,0,0,19,9,0,1,0,1,1,1,"319-1975"
"3201",1975,320,0,0,18,8,0,1,0,1,1,1,"320-1975"
"3211",1975,321,0,0,18,11,1,0,0,1,1,1,"321-1975"
"3221",1975,322,0,0,17,11,1,0,0,1,1,1,"322-1975"
"3231",1975,323,0,0,19,10,1,0,0,1,1,1,"323-1975"
"3241",1975,324,0,0,19,10,1,0,0,1,1,1,"324-1975"
"3251",1975,325,0,0,18,9,1,0,0,1,1,1,"325-1975"
"3261",1975,326,0,0,18,9,1,0,0,1,1,1,"326-1975"
"3271",1975,327,0,0,18,10,1,0,0,1,1,1,"327-1975"
"3281",1975,328,0,0,17,10,1,0,0,1,1,1,"328-1975"
"3291",1975,329,0,0,18,7,1,0,0,1,1,1,"329-1975"
"3301",1975,330,0,0,18,11,1,0,0,1,1,1,"330-1975"
"3311",1975,331,0,0,19,10,0,1,0,1,1,1,"331-1975"
"3321",1975,332,0,0,18,9,1,0,0,1,1,1,"332-1975"
"3331",1975,333,0,0,17,10,1,0,0,1,1,1,"333-1975"
"3341",1975,334,0,0,17,10,1,0,0,1,1,1,"334-1975"
"3351",1975,335,0,0,19,11,1,0,0,1,1,1,"335-1975"
"3361",1975,336,0,0,17,8,0,0,0,1,1,1,"336-1975"
"3371",1975,337,0,0,18,10,1,0,0,1,1,1,"337-1975"
"3381",1975,338,0,0,18,9,1,0,0,1,1,1,"338-1975"
"3391",1975,339,0,0,17,8,1,0,0,1,1,1,"339-1975"
"3401",1975,340,0,0,19,6,0,1,0,1,1,1,"340-1975"
"3411",1975,341,0,0,19,10,0,0,0,1,1,1,"341-1975"
"3421",1975,342,0,0,17,11,0,0,0,1,1,1,"342-1975"
"3431",1975,343,0,0,20,9,1,0,0,1,1,1,"343-1975"
"3441",1975,344,0,0,17,9,1,0,0,1,1,1,"344-1975"
"3451",1975,345,0,0,17,10,1,0,0,1,1,1,"345-1975"
"3461",1975,346,0,0,17,9,1,0,0,1,1,1,"346-1975"
"3471",1975,347,0,0,19,11,1,0,0,1,1,1,"347-1975"
"3481",1975,348,0,0,19,10,1,0,1,1,1,1,"348-1975"
"3491",1975,349,0,0,20,9,1,0,0,1,1,1,"349-1975"
"3501",1975,350,0,0,18,9,1,0,0,1,1,1,"350-1975"
"3511",1975,351,0,0,18,11,1,0,0,1,1,1,"351-1975"
"3521",1975,352,0,0,17,10,0,1,0,1,1,1,"352-1975"
"3531",1975,353,0,0,19,11,1,0,0,1,1,1,"353-1975"
"3541",1975,354,0,0,17,10,1,0,0,1,1,1,"354-1975"
"3551",1975,355,0,0,17,9,0,1,0,1,1,1,"355-1975"
"3561",1975,356,0,0,18,10,1,0,0,1,1,1,"356-1975"
"3571",1975,357,0,0,21,9,1,0,0,1,0,1,"357-1975"
"3581",1975,358,0,0,18,10,1,0,0,1,0,1,"358-1975"
"3591",1975,359,0,0,19,11,1,0,0,1,0,1,"359-1975"
"3601",1975,360,0,0,24,9,1,0,0,1,0,1,"360-1975"
"3611",1975,361,0,0,28,11,0,1,1,1,0,1,"361-1975"
"3621",1975,362,0,0,25,11,1,0,0,1,0,1,"362-1975"
"3631",1975,363,0,0,21,7,1,0,0,1,0,1,"363-1975"
"3641",1975,364,83.6896,0,39,11,1,0,0,1,1,0,"364-1975"
"3651",1975,365,142.397,0,36,12,1,0,0,0,1,0,"365-1975"
"3661",1975,366,159.885,0,24,12,1,0,0,0,1,0,"366-1975"
"3671",1975,367,165.208,0,17,11,1,0,0,1,0,0,"367-1975"
"3681",1975,368,240.107,0,18,10,1,0,0,1,0,0,"368-1975"
"3691",1975,369,273.553,0,18,10,1,0,0,1,1,0,"369-1975"
"3701",1975,370,367.823,0,28,10,1,0,0,1,0,0,"370-1975"
"3711",1975,371,474.502,0,27,13,0,0,0,0,0,0,"371-1975"
"3721",1975,372,494.643,0,31,12,0,0,0,0,1,0,"372-1975"
"3731",1975,373,506.408,0,22,9,1,0,0,1,1,0,"373-1975"
"3741",1975,374,520.446,0,31,10,1,0,0,1,1,0,"374-1975"
"3751",1975,375,558.773,0,26,10,1,0,1,1,0,0,"375-1975"
"3761",1975,376,559.596,0,18,9,0,0,0,1,1,0,"376-1975"
"3771",1975,377,580.79,0,23,11,1,0,0,1,0,0,"377-1975"
"3781",1975,378,591.815,0,20,12,1,0,0,0,1,0,"378-1975"
"3791",1975,379,604.154,0,19,10,1,0,0,1,1,0,"379-1975"
"3801",1975,380,645.272,0,18,11,1,0,0,1,0,0,"380-1975"
"3811",1975,381,664.569,0,17,10,1,0,0,1,1,0,"381-1975"
"3821",1975,382,752.39,0,27,12,1,0,1,0,1,0,"382-1975"
"3831",1975,383,766.299,0,27,11,1,0,0,1,0,0,"383-1975"
"3841",1975,384,803.343,0,28,12,0,0,0,0,1,0,"384-1975"
"3851",1975,385,863.48,0,28,11,1,0,0,1,0,0,"385-1975"
"3861",1975,386,1162.36,0,21,10,1,0,0,1,0,0,"386-1975"
"3871",1975,387,1168.9,0,17,10,0,1,0,1,0,0,"387-1975"
"3881",1975,388,1174.99,0,26,11,1,0,0,1,0,0,"388-1975"
"3891",1975,389,1203.82,0,29,9,1,0,0,1,1,0,"389-1975"
"3901",1975,390,1239.63,0,17,10,0,1,0,1,0,0,"390-1975"
"3911",1975,391,1321.66,0,22,11,1,0,0,1,0,0,"391-1975"
"3921",1975,392,1327.99,0,24,11,1,0,0,1,1,0,"392-1975"
"3931",1975,393,1371.47,0,20,12,1,0,0,0,0,0,"393-1975"
"3941",1975,394,1405.51,0,18,12,1,0,0,0,1,0,"394-1975"
"3951",1975,395,1468.38,0,24,11,0,0,0,1,0,0,"395-1975"
"3961",1975,396,1577.17,0,21,9,0,0,0,1,0,0,"396-1975"
"3971",1975,397,1706.66,0,30,8,1,0,0,1,1,0,"397-1975"
"3981",1975,398,1726.45,0,31,11,1,0,0,1,0,0,"398-1975"
"3991",1975,399,1734.56,0,17,10,0,1,0,1,0,0,"399-1975"
"4001",1975,400,1778.09,0,19,9,1,0,0,1,0,0,"400-1975"
"4011",1975,401,1896.02,0,23,11,1,0,0,1,1,0,"401-1975"
"4021",1975,402,2003.68,0,22,12,1,0,0,0,0,0,"402-1975"
"4031",1975,403,2080.21,0,29,12,1,0,0,0,0,0,"403-1975"
"4041",1975,404,2174.96,0,22,10,1,0,0,1,1,0,"404-1975"
"4051",1975,405,2265.58,0,29,13,1,0,0,0,0,0,"405-1975"
"4061",1975,406,2445.59,0,19,11,1,0,0,1,0,0,"406-1975"
"4071",1975,407,2595.27,0,17,9,1,0,0,1,1,0,"407-1975"
"4081",1975,408,2682.13,0,18,10,1,0,0,1,0,0,"408-1975"
"4091",1975,409,2814.2,0,19,12,1,0,0,0,0,0,"409-1975"
"4101",1975,410,2850.61,0,20,6,1,0,0,1,0,0,"410-1975"
"4111",1975,411,2899.82,0,33,11,1,0,0,1,0,0,"411-1975"
"4121",1975,412,3063.88,0,36,11,0,1,0,1,0,0,"412-1975"
"4131",1975,413,3072.73,0,25,11,1,0,0,1,0,0,"413-1975"
"4141",1975,414,3285.68,0,19,11,1,0,0,1,0,0,"414-1975"
"4151",1975,415,3403.06,0,23,8,1,0,0,1,0,0,"415-1975"
"4161",1975,416,3796.03,0,17,11,1,0,0,1,0,0,"416-1975"
"4171",1975,417,4128.44,0,43,10,1,0,0,1,0,0,"417-1975"
"4181",1975,418,4184.73,0,26,11,1,0,1,1,1,0,"418-1975"
"4191",1975,419,4491.88,0,27,11,1,0,1,1,1,0,"419-1975"
"4201",1975,420,4503.06,0,19,11,1,0,0,1,0,0,"420-1975"
"4211",1975,421,5393.9,0,28,11,1,0,1,1,0,0,"421-1975"
"4221",1975,422,5551.46,0,28,12,1,0,1,0,0,0,"422-1975"
"4231",1975,423,5562.6,0,26,8,1,0,0,1,0,0,"423-1975"
"4241",1975,424,5613.91,0,31,12,1,0,0,0,1,0,"424-1975"
"4251",1975,425,5716.41,0,23,11,1,0,0,1,0,0,"425-1975"
"4261",1975,426,6004.73,0,20,12,1,0,0,0,0,0,"426-1975"
"4271",1975,427,6449.48,0,28,10,1,0,1,1,0,0,"427-1975"
"4281",1975,428,6608.14,0,39,12,1,0,1,0,0,0,"428-1975"
"4291",1975,429,6608.3,0,21,8,1,0,0,1,0,0,"429-1975"
"4301",1975,430,6974.48,0,22,11,1,0,0,1,0,0,"430-1975"
"4311",1975,431,7666.88,0,20,11,1,0,0,1,0,0,"431-1975"
"4321",1975,432,8920.47,0,21,11,0,1,0,1,0,0,"432-1975"
"4331",1975,433,8960.68,0,23,12,0,1,0,0,0,0,"433-1975"
"4341",1975,434,9160.69,0,29,9,1,0,0,1,0,0,"434-1975"
"4351",1975,435,9210.45,0,28,9,1,0,1,1,0,0,"435-1975"
"4361",1975,436,9311.94,0,30,11,1,0,1,1,1,0,"436-1975"
"4371",1975,437,9319.44,0,25,10,1,0,1,1,0,0,"437-1975"
"4381",1975,438,10033.9,0,28,11,1,0,1,1,0,0,"438-1975"
"4391",1975,439,10598.7,0,22,10,0,0,0,1,0,0,"439-1975"
"4401",1975,440,10857.2,0,44,9,1,0,1,1,0,0,"440-1975"
"4411",1975,441,12357.2,0,21,9,1,0,0,1,0,0,"441-1975"
"4421",1975,442,13371.3,0,28,11,1,0,0,1,0,0,"442-1975"
"4431",1975,443,16341.2,0,29,9,0,1,0,1,0,0,"443-1975"
"4441",1975,444,16946.6,0,25,9,1,0,1,1,0,0,"444-1975"
"4451",1975,445,23032,0,22,10,0,0,1,1,0,0,"445-1975"
"1102",1974,1,0,1,37,11,1,0,1,1,1,1,"1-1974"
"2102",1974,2,0,1,22,9,0,1,0,1,1,1,"2-1974"
"3102",1974,3,0,1,30,12,1,0,0,0,1,1,"3-1974"
"448",1974,4,0,1,27,11,1,0,0,1,1,1,"4-1974"
"512",1974,5,0,1,33,8,1,0,0,1,1,1,"5-1974"
"612",1974,6,0,1,22,9,1,0,0,1,1,1,"6-1974"
"712",1974,7,0,1,23,12,1,0,0,0,1,1,"7-1974"
"812",1974,8,0,1,32,11,1,0,0,1,1,1,"8-1974"
"912",1974,9,0,1,22,16,1,0,0,0,1,1,"9-1974"
"1012",1974,10,0,1,33,12,0,0,1,0,1,1,"10-1974"
"1112",1974,11,0,1,19,9,1,0,0,1,1,1,"11-1974"
"1212",1974,12,0,1,21,13,1,0,0,0,1,1,"12-1974"
"1312",1974,13,0,1,18,8,1,0,0,1,1,1,"13-1974"
"1412",1974,14,0,1,27,10,1,0,1,1,1,1,"14-1974"
"1512",1974,15,0,1,17,7,1,0,0,1,1,1,"15-1974"
"1612",1974,16,0,1,19,10,1,0,0,1,1,1,"16-1974"
"1712",1974,17,0,1,27,13,1,0,0,0,1,1,"17-1974"
"1812",1974,18,0,1,23,10,1,0,0,1,1,1,"18-1974"
"1912",1974,19,0,1,40,12,1,0,0,0,1,1,"19-1974"
"2012",1974,20,0,1,26,12,1,0,0,0,1,1,"20-1974"
"2112",1974,21,0,1,23,11,1,0,0,1,1,1,"21-1974"
"2212",1974,22,0,1,41,14,0,0,0,0,1,1,"22-1974"
"2312",1974,23,0,1,38,9,0,0,0,1,1,1,"23-1974"
"2412",1974,24,0,1,24,11,1,0,0,1,1,1,"24-1974"
"2512",1974,25,0,1,18,10,1,0,0,1,1,1,"25-1974"
"2612",1974,26,0,1,29,11,1,0,1,1,1,1,"26-1974"
"2712",1974,27,0,1,25,11,1,0,0,1,1,1,"27-1974"
"2812",1974,28,0,1,27,10,0,1,0,1,1,1,"28-1974"
"2912",1974,29,0,1,17,10,1,0,0,1,1,1,"29-1974"
"3012",1974,30,0,1,24,11,1,0,0,1,1,1,"30-1974"
"3112",1974,31,0,1,17,10,1,0,0,1,1,1,"31-1974"
"3212",1974,32,0,1,48,4,1,0,0,1,1,1,"32-1974"
"3312",1974,33,0,1,25,11,1,0,1,1,1,1,"33-1974"
"3412",1974,34,0,1,20,12,1,0,0,0,1,1,"34-1974"
"3512",1974,35,0,1,25,12,1,0,0,0,1,1,"35-1974"
"3612",1974,36,0,1,42,14,1,0,0,0,1,1,"36-1974"
"3712",1974,37,0,1,25,5,1,0,0,1,1,1,"37-1974"
"3812",1974,38,0,1,23,12,1,0,1,0,1,1,"38-1974"
"3912",1974,39,0,1,46,8,1,0,1,1,1,1,"39-1974"
"4012",1974,40,0,1,24,10,1,0,0,1,1,1,"40-1974"
"4112",1974,41,0,1,21,12,1,0,0,0,1,1,"41-1974"
"4212",1974,42,0,1,19,9,0,0,0,1,1,1,"42-1974"
"4312",1974,43,0,1,17,8,1,0,0,1,1,1,"43-1974"
"449",1974,44,0,1,18,8,0,1,1,1,1,1,"44-1974"
"452",1974,45,0,1,20,11,1,0,0,1,1,1,"45-1974"
"462",1974,46,0,1,25,11,1,0,1,1,1,1,"46-1974"
"472",1974,47,0,1,17,8,1,0,0,1,1,1,"47-1974"
"482",1974,48,0,1,17,9,1,0,0,1,1,1,"48-1974"
"492",1974,49,0,1,25,5,1,0,0,1,1,1,"49-1974"
"502",1974,50,0,1,23,12,1,0,0,0,1,1,"50-1974"
"513",1974,51,0,1,28,8,1,0,0,1,1,1,"51-1974"
"522",1974,52,0,1,31,11,1,0,1,1,1,1,"52-1974"
"532",1974,53,0,1,18,11,1,0,0,1,1,1,"53-1974"
"542",1974,54,0,1,25,12,1,0,0,0,1,1,"54-1974"
"552",1974,55,0,1,30,11,1,0,1,1,1,1,"55-1974"
"562",1974,56,0,1,17,10,1,0,0,1,1,1,"56-1974"
"572",1974,57,0,1,37,9,1,0,0,1,1,1,"57-1974"
"582",1974,58,0,1,41,4,1,0,1,1,1,1,"58-1974"
"592",1974,59,0,1,42,14,1,0,1,0,1,1,"59-1974"
"602",1974,60,0,1,22,11,0,0,0,1,1,1,"60-1974"
"613",1974,61,0,1,17,8,1,0,0,1,1,1,"61-1974"
"622",1974,62,0,1,29,8,1,0,0,1,1,1,"62-1974"
"632",1974,63,0,1,35,10,1,0,0,1,1,1,"63-1974"
"642",1974,64,0,1,27,11,1,0,0,1,1,1,"64-1974"
"652",1974,65,0,1,29,4,1,0,0,1,1,1,"65-1974"
"662",1974,66,0,1,28,9,1,0,0,1,1,1,"66-1974"
"672",1974,67,0,1,27,11,1,0,0,1,1,1,"67-1974"
"682",1974,68,0,1,23,7,0,0,0,1,1,1,"68-1974"
"692",1974,69,0,1,45,5,1,0,1,1,1,1,"69-1974"
"702",1974,70,0,1,29,13,1,0,0,0,1,1,"70-1974"
"713",1974,71,0,1,27,9,1,0,0,1,1,1,"71-1974"
"722",1974,72,0,1,46,13,1,0,0,0,1,1,"72-1974"
"732",1974,73,0,1,18,6,1,0,0,1,1,1,"73-1974"
"742",1974,74,0,1,25,12,1,0,0,0,1,1,"74-1974"
"752",1974,75,0,1,28,15,1,0,0,0,1,1,"75-1974"
"762",1974,76,0,1,25,11,0,0,0,1,1,1,"76-1974"
"772",1974,77,0,1,22,12,1,0,0,0,1,1,"77-1974"
"782",1974,78,0,1,21,9,1,0,0,1,1,1,"78-1974"
"792",1974,79,0,1,40,11,1,0,0,1,1,1,"79-1974"
"802",1974,80,0,1,22,11,1,0,0,1,1,1,"80-1974"
"813",1974,81,0,1,25,12,1,0,0,0,1,1,"81-1974"
"822",1974,82,0,1,18,12,1,0,0,0,1,1,"82-1974"
"832",1974,83,0,1,38,12,0,0,0,0,1,1,"83-1974"
"842",1974,84,0,1,27,13,1,0,0,0,1,1,"84-1974"
"852",1974,85,0,1,27,8,1,0,0,1,1,1,"85-1974"
"862",1974,86,0,1,38,11,1,0,0,1,1,1,"86-1974"
"872",1974,87,0,1,23,8,0,1,0,1,1,1,"87-1974"
"882",1974,88,0,1,26,11,1,0,0,1,1,1,"88-1974"
"892",1974,89,0,1,21,12,0,0,0,0,1,1,"89-1974"
"902",1974,90,0,1,25,8,1,0,0,1,1,1,"90-1974"
"913",1974,91,0,1,31,11,1,0,1,1,1,1,"91-1974"
"922",1974,92,0,1,17,10,1,0,0,1,1,1,"92-1974"
"932",1974,93,0,1,25,11,1,0,0,1,1,1,"93-1974"
"942",1974,94,0,1,21,12,1,0,0,0,1,1,"94-1974"
"952",1974,95,0,1,44,11,1,0,0,1,1,1,"95-1974"
"962",1974,96,0,1,25,12,0,0,0,0,1,1,"96-1974"
"972",1974,97,0,1,18,9,1,0,0,1,1,1,"97-1974"
"982",1974,98,0,1,42,12,1,0,0,0,1,1,"98-1974"
"992",1974,99,0,1,25,10,1,0,0,1,1,1,"99-1974"
"1002",1974,100,0,1,31,9,0,1,0,1,1,1,"100-1974"
"1013",1974,101,0,1,24,10,1,0,0,1,1,1,"101-1974"
"1022",1974,102,0,1,26,10,1,0,0,1,1,1,"102-1974"
"1032",1974,103,0,1,25,11,1,0,0,1,1,1,"103-1974"
"1042",1974,104,0,1,18,11,1,0,0,1,1,1,"104-1974"
"1052",1974,105,0,1,19,11,1,0,0,1,1,1,"105-1974"
"1062",1974,106,0,1,43,9,1,0,0,1,1,1,"106-1974"
"1072",1974,107,0,1,27,13,1,0,0,0,1,1,"107-1974"
"1082",1974,108,0,1,17,9,1,0,0,1,1,1,"108-1974"
"1092",1974,109,0,1,30,11,1,0,0,1,1,1,"109-1974"
"1103",1974,110,2028,1,26,10,1,0,1,1,0,1,"110-1974"
"1113",1974,111,6083.99,1,20,9,1,0,0,1,0,1,"111-1974"
"1122",1974,112,445.17,1,17,9,0,1,0,1,0,0,"112-1974"
"1132",1974,113,989.268,1,20,12,1,0,0,0,0,0,"113-1974"
"1142",1974,114,858.254,1,18,11,1,0,0,1,0,0,"114-1974"
"1152",1974,115,3670.87,1,27,12,1,0,1,0,0,0,"115-1974"
"1162",1974,116,3670.87,1,21,12,0,0,0,0,0,0,"116-1974"
"1172",1974,117,2143.41,1,27,12,1,0,0,0,0,0,"117-1974"
"1182",1974,118,0,1,20,12,1,0,0,0,1,0,"118-1974"
"1192",1974,119,0,1,19,10,1,0,0,1,1,0,"119-1974"
"1202",1974,120,5506.31,1,23,12,1,0,0,0,0,0,"120-1974"
"1213",1974,121,0,1,29,14,1,0,0,0,1,0,"121-1974"
"1222",1974,122,0,1,18,10,1,0,0,1,1,0,"122-1974"
"1232",1974,123,0,1,19,9,1,0,0,1,1,0,"123-1974"
"1242",1974,124,9381.57,1,27,13,0,0,1,0,0,0,"124-1974"
"1252",1974,125,3678.23,1,18,11,0,0,0,1,0,0,"125-1974"
"1262",1974,126,0,1,27,9,1,0,1,1,1,0,"126-1974"
"1272",1974,127,5605.85,1,22,12,1,0,0,0,0,0,"127-1974"
"1282",1974,128,0,1,23,10,1,0,1,1,1,0,"128-1974"
"1292",1974,129,9385.74,1,23,12,0,1,0,0,0,0,"129-1974"
"1302",1974,130,3637.5,1,20,11,1,0,0,1,0,0,"130-1974"
"1313",1974,131,1716.51,1,17,9,1,0,0,1,0,0,"131-1974"
"1322",1974,132,0,1,28,11,1,0,0,1,1,0,"132-1974"
"1332",1974,133,0,1,26,11,1,0,1,1,1,0,"133-1974"
"1342",1974,134,16318.6,1,20,11,1,0,0,1,0,0,"134-1974"
"1352",1974,135,824.389,1,24,11,1,0,1,1,0,0,"135-1974"
"1362",1974,136,0,1,31,9,1,0,0,1,1,0,"136-1974"
"1372",1974,137,0,1,23,8,0,0,1,1,1,0,"137-1974"
"1382",1974,138,2143.41,1,18,10,1,0,0,1,0,0,"138-1974"
"1392",1974,139,10881.9,1,29,12,1,0,0,0,0,0,"139-1974"
"1402",1974,140,0,1,26,11,0,0,0,1,1,0,"140-1974"
"1413",1974,141,9154.7,1,24,9,1,0,0,1,0,0,"141-1974"
"1422",1974,142,14426.8,1,25,12,1,0,0,0,0,0,"142-1974"
"1432",1974,143,4250.4,1,24,10,1,0,0,1,0,0,"143-1974"
"1442",1974,144,3165.66,1,46,8,1,0,0,1,0,0,"144-1974"
"1452",1974,145,0,1,31,12,0,0,0,0,1,0,"145-1974"
"1462",1974,146,2305.03,1,19,11,1,0,0,1,0,0,"146-1974"
"1472",1974,147,0,1,19,8,1,0,0,1,1,0,"147-1974"
"1482",1974,148,2206.94,1,27,11,1,0,0,1,0,0,"148-1974"
"1492",1974,149,0,1,26,11,1,0,1,1,1,0,"149-1974"
"1502",1974,150,5005.73,1,20,10,1,0,0,1,0,0,"150-1974"
"1513",1974,151,0,1,28,10,1,0,0,1,1,0,"151-1974"
"1522",1974,152,13765.8,1,24,12,1,0,0,0,0,0,"152-1974"
"1532",1974,153,2636.35,1,19,8,1,0,0,1,0,0,"153-1974"
"1542",1974,154,6269.34,1,23,12,1,0,0,0,0,0,"154-1974"
"1552",1974,155,0,1,42,9,1,0,1,1,1,0,"155-1974"
"1562",1974,156,12362.9,1,25,13,1,0,0,0,0,0,"156-1974"
"1572",1974,157,0,1,18,9,1,0,0,1,1,0,"157-1974"
"1582",1974,158,6473.68,1,21,12,1,0,0,0,0,0,"158-1974"
"1592",1974,159,1001.15,1,27,10,1,0,0,1,0,0,"159-1974"
"1602",1974,160,989.268,1,21,8,1,0,0,1,0,0,"160-1974"
"1613",1974,161,2192.88,1,22,9,1,0,0,1,0,0,"161-1974"
"1622",1974,162,8517.59,1,31,4,1,0,0,1,0,0,"162-1974"
"1632",1974,163,11703.2,1,24,10,1,0,1,1,0,0,"163-1974"
"1642",1974,164,0,1,29,10,1,0,0,1,1,0,"164-1974"
"1652",1974,165,9748.39,1,29,12,1,0,0,0,0,0,"165-1974"
"1662",1974,166,0,1,19,10,0,0,0,1,1,0,"166-1974"
"1672",1974,167,5424.49,1,19,11,0,1,1,1,0,0,"167-1974"
"1682",1974,168,10717,1,31,9,1,0,0,1,0,0,"168-1974"
"1692",1974,169,1468.35,1,22,10,1,0,1,1,0,0,"169-1974"
"1702",1974,170,6416.47,1,21,9,1,0,0,1,0,0,"170-1974"
"1713",1974,171,1291.47,1,17,10,1,0,0,1,0,0,"171-1974"
"1722",1974,172,8408.76,1,26,12,1,0,1,0,0,0,"172-1974"
"1732",1974,173,12260.8,1,20,9,0,1,0,1,0,0,"173-1974"
"1742",1974,174,4121.95,1,19,10,1,0,0,1,0,0,"174-1974"
"1752",1974,175,25929.7,1,26,10,1,0,0,1,0,0,"175-1974"
"1762",1974,176,1929.03,1,28,11,1,0,0,1,0,0,"176-1974"
"1772",1974,177,492.231,1,22,12,0,1,1,0,0,0,"177-1974"
"1782",1974,178,0,1,33,11,1,0,0,1,1,0,"178-1974"
"1792",1974,179,6759.99,1,22,12,0,0,0,0,0,0,"179-1974"
"1802",1974,180,0,1,29,10,0,1,0,1,1,0,"180-1974"
"1813",1974,181,20280,1,33,12,1,0,1,0,0,0,"181-1974"
"1822",1974,182,35040.1,1,25,14,1,0,1,0,0,0,"182-1974"
"1832",1974,183,13602.4,1,35,9,1,0,1,1,0,0,"183-1974"
"1842",1974,184,13732.1,1,35,8,1,0,1,1,0,0,"184-1974"
"1852",1974,185,14660.7,1,33,11,1,0,1,1,0,0,"185-1974"
"1862",1974,186,0,0,23,10,1,0,0,1,1,1,"186-1974"
"1872",1974,187,0,0,26,12,0,0,0,0,1,1,"187-1974"
"1882",1974,188,0,0,22,9,1,0,0,1,1,1,"188-1974"
"1892",1974,189,0,0,18,9,1,0,0,1,1,1,"189-1974"
"1902",1974,190,0,0,45,11,1,0,0,1,1,1,"190-1974"
"1913",1974,191,0,0,18,9,1,0,0,1,1,1,"191-1974"
"1922",1974,192,0,0,24,8,0,0,0,1,1,1,"192-1974"
"1932",1974,193,0,0,34,11,1,0,1,1,1,1,"193-1974"
"1942",1974,194,0,0,24,4,0,1,0,1,1,1,"194-1974"
"1952",1974,195,0,0,36,10,1,0,0,1,1,1,"195-1974"
"1962",1974,196,0,0,21,14,1,0,0,0,1,1,"196-1974"
"1972",1974,197,0,0,28,9,1,0,0,1,1,1,"197-1974"
"1982",1974,198,0,0,27,7,1,0,1,1,1,1,"198-1974"
"1992",1974,199,0,0,19,11,0,0,0,1,1,1,"199-1974"
"2002",1974,200,0,0,20,8,1,0,0,1,1,1,"200-1974"
"2013",1974,201,0,0,34,12,1,0,0,0,1,1,"201-1974"
"2022",1974,202,0,0,24,10,1,0,0,1,1,1,"202-1974"
"2032",1974,203,0,0,22,8,0,1,0,1,1,1,"203-1974"
"2042",1974,204,0,0,25,11,1,0,0,1,1,1,"204-1974"
"2052",1974,205,0,0,39,9,1,0,0,1,1,1,"205-1974"
"2062",1974,206,0,0,19,9,1,0,1,1,1,1,"206-1974"
"2072",1974,207,0,0,44,9,1,0,0,1,1,1,"207-1974"
"2082",1974,208,0,0,27,8,1,0,0,1,1,1,"208-1974"
"2092",1974,209,0,0,25,8,1,0,0,1,1,1,"209-1974"
"2103",1974,210,0,0,31,10,1,0,0,1,1,1,"210-1974"
"2113",1974,211,0,0,34,10,1,0,1,1,1,1,"211-1974"
"2122",1974,212,0,0,21,7,0,1,0,1,1,1,"212-1974"
"2132",1974,213,0,0,33,12,1,0,0,0,1,1,"213-1974"
"2142",1974,214,0,0,18,10,0,1,0,1,1,1,"214-1974"
"2152",1974,215,0,0,26,12,1,0,1,0,1,1,"215-1974"
"2162",1974,216,0,0,31,12,1,0,0,0,1,1,"216-1974"
"2172",1974,217,0,0,35,10,1,0,0,1,1,1,"217-1974"
"2182",1974,218,0,0,20,12,1,0,0,0,1,1,"218-1974"
"2192",1974,219,0,0,25,11,1,0,0,1,1,1,"219-1974"
"2202",1974,220,0,0,25,10,1,0,0,1,1,1,"220-1974"
"2213",1974,221,0,0,35,11,1,0,0,1,1,1,"221-1974"
"2222",1974,222,0,0,20,10,1,0,0,1,1,1,"222-1974"
"2232",1974,223,0,0,25,9,0,1,0,1,1,1,"223-1974"
"2242",1974,224,0,0,27,10,1,0,0,1,1,1,"224-1974"
"2252",1974,225,0,0,20,11,0,1,0,1,1,1,"225-1974"
"2262",1974,226,0,0,26,11,1,0,0,1,1,1,"226-1974"
"2272",1974,227,0,0,38,8,1,0,0,1,1,1,"227-1974"
"2282",1974,228,0,0,34,10,1,0,0,1,1,1,"228-1974"
"2292",1974,229,0,0,19,12,1,0,0,0,1,1,"229-1974"
"2302",1974,230,0,0,32,8,1,0,0,1,1,1,"230-1974"
"2313",1974,231,0,0,20,9,0,1,0,1,1,1,"231-1974"
"2322",1974,232,0,0,23,10,1,0,0,1,1,1,"232-1974"
"2332",1974,233,0,0,38,10,1,0,0,1,1,1,"233-1974"
"2342",1974,234,0,0,24,11,1,0,0,1,1,1,"234-1974"
"2352",1974,235,0,0,23,11,1,0,0,1,1,1,"235-1974"
"2362",1974,236,0,0,20,7,0,1,0,1,1,1,"236-1974"
"2372",1974,237,0,0,21,11,1,0,0,1,1,1,"237-1974"
"2382",1974,238,0,0,25,10,1,0,0,1,1,1,"238-1974"
"2392",1974,239,0,0,22,11,1,0,1,1,1,1,"239-1974"
"2402",1974,240,0,0,23,11,1,0,0,1,1,1,"240-1974"
"2413",1974,241,0,0,24,12,0,0,0,0,1,1,"241-1974"
"2422",1974,242,0,0,29,11,1,0,0,1,1,1,"242-1974"
"2432",1974,243,0,0,24,11,1,0,0,1,1,1,"243-1974"
"2442",1974,244,0,0,22,9,1,0,0,1,1,1,"244-1974"
"2452",1974,245,0,0,28,11,1,0,0,1,1,1,"245-1974"
"2462",1974,246,0,0,18,10,0,1,0,1,1,1,"246-1974"
"2472",1974,247,0,0,26,10,1,0,0,1,1,1,"247-1974"
"2482",1974,248,0,0,25,10,1,0,0,1,1,1,"248-1974"
"2492",1974,249,0,0,24,10,1,0,0,1,1,1,"249-1974"
"2502",1974,250,0,0,26,5,1,0,0,1,1,1,"250-1974"
"2513",1974,251,0,0,36,10,1,0,0,1,1,1,"251-1974"
"2522",1974,252,0,0,22,11,1,0,0,1,1,1,"252-1974"
"2532",1974,253,0,0,25,12,1,0,0,0,1,1,"253-1974"
"2542",1974,254,0,0,27,11,1,0,0,1,1,1,"254-1974"
"2552",1974,255,0,0,29,8,1,0,0,1,1,1,"255-1974"
"2562",1974,256,0,0,24,12,1,0,0,0,1,1,"256-1974"
"2572",1974,257,0,0,22,10,1,0,0,1,1,1,"257-1974"
"2582",1974,258,0,0,24,7,1,0,0,1,1,1,"258-1974"
"2592",1974,259,0,0,29,12,1,0,0,0,1,1,"259-1974"
"2602",1974,260,0,0,25,11,0,1,1,1,1,1,"260-1974"
"2613",1974,261,0,0,30,12,1,0,0,0,1,1,"261-1974"
"2622",1974,262,0,0,22,8,1,0,0,1,1,1,"262-1974"
"2632",1974,263,0,0,55,3,1,0,0,1,1,1,"263-1974"
"2642",1974,264,0,0,20,10,1,0,0,1,1,1,"264-1974"
"2652",1974,265,0,0,34,11,1,0,0,1,1,1,"265-1974"
"2662",1974,266,0,0,22,12,1,0,0,0,1,1,"266-1974"
"2672",1974,267,0,0,32,12,0,1,1,0,1,1,"267-1974"
"2682",1974,268,0,0,31,10,1,0,0,1,1,1,"268-1974"
"2692",1974,269,0,0,18,9,1,0,0,1,1,1,"269-1974"
"2702",1974,270,0,0,50,10,0,1,0,1,1,1,"270-1974"
"2713",1974,271,0,0,25,11,1,0,1,1,1,1,"271-1974"
"2722",1974,272,0,0,23,10,1,0,1,1,1,1,"272-1974"
"2732",1974,273,0,0,38,10,1,0,0,1,1,1,"273-1974"
"2742",1974,274,0,0,25,10,1,0,1,1,1,1,"274-1974"
"2752",1974,275,0,0,42,10,1,0,0,1,1,1,"275-1974"
"2762",1974,276,0,0,39,12,1,0,1,0,1,1,"276-1974"
"2772",1974,277,0,0,34,13,1,0,1,0,1,1,"277-1974"
"2782",1974,278,0,0,24,7,1,0,0,1,1,1,"278-1974"
"2792",1974,279,0,0,32,11,1,0,0,1,1,1,"279-1974"
"2802",1974,280,0,0,27,13,1,0,0,0,1,1,"280-1974"
"2813",1974,281,0,0,26,10,1,0,0,1,1,1,"281-1974"
"2822",1974,282,0,0,44,11,1,0,0,1,1,1,"282-1974"
"2832",1974,283,0,0,25,11,1,0,0,1,1,1,"283-1974"
"2842",1974,284,0,0,25,12,1,0,0,0,1,1,"284-1974"
"2852",1974,285,0,0,28,12,1,0,1,0,1,1,"285-1974"
"2862",1974,286,0,0,32,10,1,0,0,1,1,1,"286-1974"
"2872",1974,287,0,0,22,10,1,0,0,1,1,1,"287-1974"
"2882",1974,288,0,0,19,9,1,0,0,1,1,1,"288-1974"
"2892",1974,289,0,0,31,10,1,0,1,1,1,1,"289-1974"
"2902",1974,290,0,0,23,11,1,0,0,1,1,1,"290-1974"
"2913",1974,291,0,0,33,11,1,0,0,1,1,1,"291-1974"
"2922",1974,292,0,0,27,10,1,0,0,1,1,1,"292-1974"
"2932",1974,293,0,0,29,11,1,0,1,1,1,1,"293-1974"
"2942",1974,294,0,0,23,10,1,0,0,1,1,1,"294-1974"
"2952",1974,295,0,0,25,9,1,0,1,1,1,1,"295-1974"
"2962",1974,296,0,0,25,10,1,0,0,1,1,1,"296-1974"
"2972",1974,297,0,0,24,10,1,0,0,1,1,1,"297-1974"
"2982",1974,298,0,0,28,8,0,0,0,1,1,1,"298-1974"
"2992",1974,299,0,0,26,6,1,0,0,1,1,1,"299-1974"
"3002",1974,300,0,0,30,14,1,0,1,0,1,1,"300-1974"
"3013",1974,301,0,0,25,10,1,0,1,1,1,1,"301-1974"
"3022",1974,302,0,0,29,11,1,0,1,1,1,1,"302-1974"
"3032",1974,303,0,0,25,12,1,0,1,0,1,1,"303-1974"
"3042",1974,304,0,0,28,13,1,0,0,0,1,1,"304-1974"
"3052",1974,305,0,0,23,11,1,0,0,1,1,1,"305-1974"
"3062",1974,306,0,0,54,11,1,0,0,1,1,1,"306-1974"
"3072",1974,307,0,0,33,5,0,1,0,1,1,1,"307-1974"
"3082",1974,308,0,0,20,8,1,0,0,1,1,1,"308-1974"
"3092",1974,309,0,0,45,9,1,0,0,1,1,1,"309-1974"
"3103",1974,310,0,0,39,6,1,0,0,1,1,1,"310-1974"
"3113",1974,311,0,0,26,12,1,0,0,0,1,1,"311-1974"
"3122",1974,312,0,0,23,10,1,0,0,1,1,1,"312-1974"
"3132",1974,313,0,0,27,12,0,0,0,0,1,1,"313-1974"
"3142",1974,314,0,0,33,9,0,1,1,1,1,1,"314-1974"
"3152",1974,315,0,0,25,10,1,0,1,1,1,1,"315-1974"
"3162",1974,316,0,0,23,8,1,0,0,1,1,1,"316-1974"
"3172",1974,317,0,0,18,8,1,0,0,1,1,1,"317-1974"
"3182",1974,318,0,0,17,8,1,0,0,1,1,1,"318-1974"
"3192",1974,319,0,0,19,9,0,1,0,1,1,1,"319-1974"
"3202",1974,320,0,0,18,8,0,1,0,1,1,1,"320-1974"
"3213",1974,321,0,0,18,11,1,0,0,1,1,1,"321-1974"
"3222",1974,322,0,0,17,11,1,0,0,1,1,1,"322-1974"
"3232",1974,323,0,0,19,10,1,0,0,1,1,1,"323-1974"
"3242",1974,324,0,0,19,10,1,0,0,1,1,1,"324-1974"
"3252",1974,325,0,0,18,9,1,0,0,1,1,1,"325-1974"
"3262",1974,326,0,0,18,9,1,0,0,1,1,1,"326-1974"
"3272",1974,327,0,0,18,10,1,0,0,1,1,1,"327-1974"
"3282",1974,328,0,0,17,10,1,0,0,1,1,1,"328-1974"
"3292",1974,329,0,0,18,7,1,0,0,1,1,1,"329-1974"
"3302",1974,330,0,0,18,11,1,0,0,1,1,1,"330-1974"
"3313",1974,331,0,0,19,10,0,1,0,1,1,1,"331-1974"
"3322",1974,332,0,0,18,9,1,0,0,1,1,1,"332-1974"
"3332",1974,333,0,0,17,10,1,0,0,1,1,1,"333-1974"
"3342",1974,334,0,0,17,10,1,0,0,1,1,1,"334-1974"
"3352",1974,335,0,0,19,11,1,0,0,1,1,1,"335-1974"
"3362",1974,336,0,0,17,8,0,0,0,1,1,1,"336-1974"
"3372",1974,337,0,0,18,10,1,0,0,1,1,1,"337-1974"
"3382",1974,338,0,0,18,9,1,0,0,1,1,1,"338-1974"
"3392",1974,339,0,0,17,8,1,0,0,1,1,1,"339-1974"
"3402",1974,340,0,0,19,6,0,1,0,1,1,1,"340-1974"
"3413",1974,341,0,0,19,10,0,0,0,1,1,1,"341-1974"
"3422",1974,342,0,0,17,11,0,0,0,1,1,1,"342-1974"
"3432",1974,343,0,0,20,9,1,0,0,1,1,1,"343-1974"
"3442",1974,344,0,0,17,9,1,0,0,1,1,1,"344-1974"
"3452",1974,345,0,0,17,10,1,0,0,1,1,1,"345-1974"
"3462",1974,346,0,0,17,9,1,0,0,1,1,1,"346-1974"
"3472",1974,347,0,0,19,11,1,0,0,1,1,1,"347-1974"
"3482",1974,348,0,0,19,10,1,0,1,1,1,1,"348-1974"
"3492",1974,349,0,0,20,9,1,0,0,1,1,1,"349-1974"
"3502",1974,350,0,0,18,9,1,0,0,1,1,1,"350-1974"
"3513",1974,351,0,0,18,11,1,0,0,1,1,1,"351-1974"
"3522",1974,352,0,0,17,10,0,1,0,1,1,1,"352-1974"
"3532",1974,353,0,0,19,11,1,0,0,1,1,1,"353-1974"
"3542",1974,354,0,0,17,10,1,0,0,1,1,1,"354-1974"
"3552",1974,355,0,0,17,9,0,1,0,1,1,1,"355-1974"
"3562",1974,356,0,0,18,10,1,0,0,1,1,1,"356-1974"
"3572",1974,357,591.499,0,21,9,1,0,0,1,0,1,"357-1974"
"3582",1974,358,1563.25,0,18,10,1,0,0,1,0,1,"358-1974"
"3592",1974,359,1626.62,0,19,11,1,0,0,1,0,1,"359-1974"
"3602",1974,360,2788.5,0,24,9,1,0,0,1,0,1,"360-1974"
"3613",1974,361,3472.95,0,28,11,0,1,1,1,0,1,"361-1974"
"3622",1974,362,5281.25,0,25,11,1,0,0,1,0,1,"362-1974"
"3632",1974,363,33800,0,21,7,1,0,0,1,0,1,"363-1974"
"3642",1974,364,0,0,39,11,1,0,0,1,1,0,"364-1974"
"3652",1974,365,0,0,36,12,1,0,0,0,1,0,"365-1974"
"3662",1974,366,0,0,24,12,1,0,0,0,1,0,"366-1974"
"3672",1974,367,989.268,0,17,11,1,0,0,1,0,0,"367-1974"
"3682",1974,368,960.427,0,18,10,1,0,0,1,0,0,"368-1974"
"3692",1974,369,0,0,18,10,1,0,0,1,1,0,"369-1974"
"3702",1974,370,1471.29,0,28,10,1,0,0,1,0,0,"370-1974"
"3713",1974,371,5214.31,0,27,13,0,0,0,0,0,0,"371-1974"
"3722",1974,372,0,0,31,12,0,0,0,0,1,0,"372-1974"
"3732",1974,373,0,0,22,9,1,0,0,1,1,0,"373-1974"
"3742",1974,374,0,0,31,10,1,0,0,1,1,0,"374-1974"
"3752",1974,375,6140.37,0,26,10,1,0,1,1,0,0,"375-1974"
"3762",1974,376,0,0,18,9,0,0,0,1,1,0,"376-1974"
"3772",1974,377,6382.31,0,23,11,1,0,0,1,0,0,"377-1974"
"3782",1974,378,0,0,20,12,1,0,0,0,1,0,"378-1974"
"3792",1974,379,0,0,19,10,1,0,0,1,1,0,"379-1974"
"3802",1974,380,1064.7,0,18,11,1,0,0,1,0,0,"380-1974"
"3813",1974,381,0,0,17,10,1,0,0,1,1,0,"381-1974"
"3822",1974,382,0,0,27,12,1,0,1,0,1,0,"382-1974"
"3832",1974,383,3065.19,0,27,11,1,0,0,1,0,0,"383-1974"
"3842",1974,384,0,0,28,12,0,0,0,0,1,0,"384-1974"
"3852",1974,385,2431.95,0,28,11,1,0,0,1,0,0,"385-1974"
"3862",1974,386,6661.06,0,21,10,1,0,0,1,0,0,"386-1974"
"3872",1974,387,4905.12,0,17,10,0,1,0,1,0,0,"387-1974"
"3882",1974,388,4699.96,0,26,11,1,0,0,1,0,0,"388-1974"
"3892",1974,389,0,0,29,9,1,0,0,1,1,0,"389-1974"
"3902",1974,390,1203.61,0,17,10,0,1,0,1,0,0,"390-1974"
"3913",1974,391,7914.13,0,22,11,1,0,0,1,0,0,"391-1974"
"3922",1974,392,0,0,24,11,1,0,0,1,1,0,"392-1974"
"3932",1974,393,557.699,0,20,12,1,0,0,0,0,0,"393-1974"
"3942",1974,394,0,0,18,12,1,0,0,0,1,0,"394-1974"
"3952",1974,395,2669.73,0,24,11,0,0,0,1,0,0,"395-1974"
"3962",1974,396,2988.41,0,21,9,0,0,0,1,0,0,"396-1974"
"3972",1974,397,0,0,30,8,1,0,0,1,1,0,"397-1974"
"3982",1974,398,17711.9,0,31,11,1,0,0,1,0,0,"398-1974"
"3992",1974,399,1442.68,0,17,10,0,1,0,1,0,0,"399-1974"
"4002",1974,400,8409.63,0,19,9,1,0,0,1,0,0,"400-1974"
"4013",1974,401,0,0,23,11,1,0,0,1,1,0,"401-1974"
"4022",1974,402,4380.02,0,22,12,1,0,0,0,0,0,"402-1974"
"4032",1974,403,22859.4,0,29,12,1,0,0,0,0,0,"403-1974"
"4042",1974,404,0,0,22,10,1,0,0,1,1,0,"404-1974"
"4052",1974,405,718.249,0,29,13,1,0,0,0,0,0,"405-1974"
"4062",1974,406,721.341,0,19,11,1,0,0,1,0,0,"406-1974"
"4072",1974,407,0,0,17,9,1,0,0,1,1,0,"407-1974"
"4082",1974,408,1716.51,0,18,10,1,0,0,1,0,0,"408-1974"
"4092",1974,409,8417,0,19,12,1,0,0,0,0,0,"409-1974"
"4102",1974,410,6006.88,0,20,6,1,0,0,1,0,0,"410-1974"
"4113",1974,411,10523.8,0,33,11,1,0,0,1,0,0,"411-1974"
"4122",1974,412,5443.73,0,36,11,0,1,0,1,0,0,"412-1974"
"4132",1974,413,15210,0,25,11,1,0,0,1,0,0,"413-1974"
"4142",1974,414,3504.01,0,19,11,1,0,0,1,0,0,"414-1974"
"4152",1974,415,7724.28,0,23,8,1,0,0,1,0,0,"415-1974"
"4162",1974,416,4080.73,0,17,11,1,0,0,1,0,0,"416-1974"
"4172",1974,417,2502.87,0,43,10,1,0,0,1,0,0,"417-1974"
"4182",1974,418,0,0,26,11,1,0,1,1,1,0,"418-1974"
"4192",1974,419,0,0,27,11,1,0,1,1,1,0,"419-1974"
"4202",1974,420,6337.49,0,19,11,1,0,0,1,0,0,"420-1974"
"4213",1974,421,8593.16,0,28,11,1,0,1,1,0,0,"421-1974"
"4222",1974,422,10585.1,0,28,12,1,0,1,0,0,0,"422-1974"
"4232",1974,423,1126.29,0,26,8,1,0,0,1,0,0,"423-1974"
"4242",1974,424,0,0,31,12,1,0,0,0,1,0,"424-1974"
"4252",1974,425,7617.36,0,23,11,1,0,0,1,0,0,"425-1974"
"4262",1974,426,7182.49,0,20,12,1,0,0,0,0,0,"426-1974"
"4272",1974,427,8293.35,0,28,10,1,0,1,1,0,0,"427-1974"
"4282",1974,428,19785.3,0,39,12,1,0,1,0,0,0,"428-1974"
"4292",1974,429,39570.7,0,21,8,1,0,0,1,0,0,"429-1974"
"4302",1974,430,8810.07,0,22,11,1,0,0,1,0,0,"430-1974"
"4313",1974,431,8009.16,0,20,11,1,0,0,1,0,0,"431-1974"
"4322",1974,432,2992.53,0,21,11,0,1,0,1,0,0,"432-1974"
"4332",1974,433,5721.7,0,23,12,0,1,0,0,0,0,"433-1974"
"4342",1974,434,9268.94,0,29,9,1,0,0,1,0,0,"434-1974"
"4352",1974,435,10222.4,0,28,9,1,0,1,1,0,0,"435-1974"
"4362",1974,436,0,0,30,11,1,0,1,1,1,0,"436-1974"
"4372",1974,437,13520,0,25,10,1,0,1,1,0,0,"437-1974"
"4382",1974,438,824.389,0,28,11,1,0,1,1,0,0,"438-1974"
"4392",1974,439,27864.4,0,22,10,0,0,0,1,0,0,"439-1974"
"4402",1974,440,12260.8,0,44,9,1,0,1,1,0,0,"440-1974"
"4412",1974,441,31886.4,0,21,9,1,0,0,1,0,0,"441-1974"
"4422",1974,442,17491.5,0,28,11,1,0,0,1,0,0,"442-1974"
"4432",1974,443,9594.31,0,29,9,0,1,0,1,0,0,"443-1974"
"4442",1974,444,24731.6,0,25,9,1,0,1,1,0,0,"444-1974"
"4452",1974,445,25720.9,0,22,10,0,0,1,1,0,0,"445-1974"
